,intersection_id,tollgate_id,pressure,sea_pressure,wind_direction,wind_speed,temperature,rel_humidity,precipitation,hour,week,minute,avg_travel_time
0,1,2,1012.5,1017.5,128.0,1.6,23.4,73.0,0.0,8,2,0,681.3
1,1,2,1012.5,1017.5,128.0,1.6,23.4,73.0,0.0,8,2,20,128.11
2,1,2,1012.5,1017.5,128.0,1.6,23.4,73.0,0.0,8,2,40,176.23
3,1,3,1012.5,1017.5,128.0,1.6,23.4,73.0,0.0,8,2,0,390.3
4,1,3,1012.5,1017.5,128.0,1.6,23.4,73.0,0.0,8,2,20,581.84
5,1,3,1012.5,1017.5,128.0,1.6,23.4,73.0,0.0,8,2,40,35.58
6,2,1,1012.5,1017.5,128.0,1.6,23.4,73.0,0.0,8,2,0,796.15
7,2,1,1012.5,1017.5,128.0,1.6,23.4,73.0,0.0,8,2,20,764.56
8,2,1,1012.5,1017.5,128.0,1.6,23.4,73.0,0.0,8,2,40,627.1
9,2,3,1012.5,1017.5,128.0,1.6,23.4,73.0,0.0,8,2,0,134.38
10,2,3,1012.5,1017.5,128.0,1.6,23.4,73.0,0.0,8,2,20,797.27
11,2,3,1012.5,1017.5,128.0,1.6,23.4,73.0,0.0,8,2,40,518.69
12,3,1,1012.5,1017.5,128.0,1.6,23.4,73.0,0.0,8,2,0,755.51
13,3,1,1012.5,1017.5,128.0,1.6,23.4,73.0,0.0,8,2,20,511.98
14,3,1,1012.5,1017.5,128.0,1.6,23.4,73.0,0.0,8,2,40,443.83
15,3,3,1012.5,1017.5,128.0,1.6,23.4,73.0,0.0,8,2,0,200.24
16,3,3,1012.5,1017.5,128.0,1.6,23.4,73.0,0.0,8,2,20,28.37
17,3,3,1012.5,1017.5,128.0,1.6,23.4,73.0,0.0,8,2,40,225.34
18,1,2,1013.0,1018.0,205.0,0.6,20.9,94.0,1.8,9,2,0,749.09
19,1,2,1013.0,1018.0,205.0,0.6,20.9,94.0,1.8,9,2,20,37.22
20,1,2,1013.0,1018.0,205.0,0.6,20.9,94.0,1.8,9,2,40,184.95
21,1,3,1013.0,1018.0,205.0,0.6,20.9,94.0,1.8,9,2,0,636.4
22,1,3,1013.0,1018.0,205.0,0.6,20.9,94.0,1.8,9,2,20,277.84
23,1,3,1013.0,1018.0,205.0,0.6,20.9,94.0,1.8,9,2,40,338.26
24,2,1,1013.0,1018.0,205.0,0.6,20.9,94.0,1.8,9,2,0,576.95
25,2,1,1013.0,1018.0,205.0,0.6,20.9,94.0,1.8,9,2,20,151.97
26,2,1,1013.0,1018.0,205.0,0.6,20.9,94.0,1.8,9,2,40,720.37
27,2,3,1013.0,1018.0,205.0,0.6,20.9,94.0,1.8,9,2,0,194.33
28,2,3,1013.0,1018.0,205.0,0.6,20.9,94.0,1.8,9,2,20,551.26
29,2,3,1013.0,1018.0,205.0,0.6,20.9,94.0,1.8,9,2,40,369.11
30,3,1,1013.0,1018.0,205.0,0.6,20.9,94.0,1.8,9,2,0,711.83
31,3,1,1013.0,1018.0,205.0,0.6,20.9,94.0,1.8,9,2,20,112.73
32,3,1,1013.0,1018.0,205.0,0.6,20.9,94.0,1.8,9,2,40,779.28
33,3,3,1013.0,1018.0,205.0,0.6,20.9,94.0,1.8,9,2,0,721.66
34,3,3,1013.0,1018.0,205.0,0.6,20.9,94.0,1.8,9,2,20,289.0
35,3,3,1013.0,1018.0,205.0,0.6,20.9,94.0,1.8,9,2,40,409.04
36,1,2,1010.8,1015.8,89.0,2.1,20.7,94.0,1.0,8,3,0,614.73
37,1,2,1010.8,1015.8,89.0,2.1,20.7,94.0,1.0,8,3,20,118.63
38,1,2,1010.8,1015.8,89.0,2.1,20.7,94.0,1.0,8,3,40,63.27
39,1,3,1010.8,1015.8,89.0,2.1,20.7,94.0,1.0,8,3,0,480.7
40,1,3,1010.8,1015.8,89.0,2.1,20.7,94.0,1.0,8,3,20,109.43
41,1,3,1010.8,1015.8,89.0,2.1,20.7,94.0,1.0,8,3,40,518.37
42,2,1,1010.8,1015.8,89.0,2.1,20.7,94.0,1.0,8,3,0,195.55
43,2,1,1010.8,1015.8,89.0,2.1,20.7,94.0,1.0,8,3,20,462.95
44,2,1,1010.8,1015.8,89.0,2.1,20.7,94.0,1.0,8,3,40,213.37
45,2,3,1010.8,1015.8,89.0,2.1,20.7,94.0,1.0,8,3,0,784.17
46,2,3,1010.8,1015.8,89.0,2.1,20.7,94.0,1.0,8,3,20,268.12
47,2,3,1010.8,1015.8,89.0,2.1,20.7,94.0,1.0,8,3,40,45.38
48,3,1,1010.8,1015.8,89.0,2.1,20.7,94.0,1.0,8,3,0,129.77
49,3,1,1010.8,1015.8,89.0,2.1,20.7,94.0,1.0,8,3,20,444.61
50,3,1,1010.8,1015.8,89.0,2.1,20.7,94.0,1.0,8,3,40,556.24
51,3,3,1010.8,1015.8,89.0,2.1,20.7,94.0,1.0,8,3,0,514.72
52,3,3,1010.8,1015.8,89.0,2.1,20.7,94.0,1.0,8,3,20,533.54
53,3,3,1010.8,1015.8,89.0,2.1,20.7,94.0,1.0,8,3,40,468.9
54,1,2,1010.9,1015.9,96.0,1.8,20.5,95.0,0.2,9,3,0,516.6
55,1,2,1010.9,1015.9,96.0,1.8,20.5,95.0,0.2,9,3,20,42.83
56,1,2,1010.9,1015.9,96.0,1.8,20.5,95.0,0.2,9,3,40,459.44
57,1,3,1010.9,1015.9,96.0,1.8,20.5,95.0,0.2,9,3,0,96.84
58,1,3,1010.9,1015.9,96.0,1.8,20.5,95.0,0.2,9,3,20,484.39
59,1,3,1010.9,1015.9,96.0,1.8,20.5,95.0,0.2,9,3,40,156.15
60,2,1,1010.9,1015.9,96.0,1.8,20.5,95.0,0.2,9,3,0,43.09
61,2,1,1010.9,1015.9,96.0,1.8,20.5,95.0,0.2,9,3,20,232.07
62,2,1,1010.9,1015.9,96.0,1.8,20.5,95.0,0.2,9,3,40,745.97
63,2,3,1010.9,1015.9,96.0,1.8,20.5,95.0,0.2,9,3,0,326.4
64,2,3,1010.9,1015.9,96.0,1.8,20.5,95.0,0.2,9,3,20,719.5
65,2,3,1010.9,1015.9,96.0,1.8,20.5,95.0,0.2,9,3,40,34.22
66,3,1,1010.9,1015.9,96.0,1.8,20.5,95.0,0.2,9,3,0,401.62
67,3,1,1010.9,1015.9,96.0,1.8,20.5,95.0,0.2,9,3,20,209.48
68,3,1,1010.9,1015.9,96.0,1.8,20.5,95.0,0.2,9,3,40,711.04
69,3,3,1010.9,1015.9,96.0,1.8,20.5,95.0,0.2,9,3,0,392.41
70,3,3,1010.9,1015.9,96.0,1.8,20.5,95.0,0.2,9,3,20,255.91
71,3,3,1010.9,1015.9,96.0,1.8,20.5,95.0,0.2,9,3,40,231.76
72,1,2,1007.8,1012.8,94.0,2.7,22.3,91.0,0.0,8,4,0,56.98
73,1,2,1007.8,1012.8,94.0,2.7,22.3,91.0,0.0,8,4,20,566.16
74,1,2,1007.8,1012.8,94.0,2.7,22.3,91.0,0.0,8,4,40,125.39
75,1,3,1007.8,1012.8,94.0,2.7,22.3,91.0,0.0,8,4,0,323.64
76,1,3,1007.8,1012.8,94.0,2.7,22.3,91.0,0.0,8,4,20,283.28
77,1,3,1007.8,1012.8,94.0,2.7,22.3,91.0,0.0,8,4,40,57.28
78,2,1,1007.8,1012.8,94.0,2.7,22.3,91.0,0.0,8,4,0,731.14
79,2,1,1007.8,1012.8,94.0,2.7,22.3,91.0,0.0,8,4,20,266.5
80,2,1,1007.8,1012.8,94.0,2.7,22.3,91.0,0.0,8,4,40,527.62
81,2,3,1007.8,1012.8,94.0,2.7,22.3,91.0,0.0,8,4,0,496.7
82,2,3,1007.8,1012.8,94.0,2.7,22.3,91.0,0.0,8,4,20,500.99
83,2,3,1007.8,1012.8,94.0,2.7,22.3,91.0,0.0,8,4,40,735.57
84,3,1,1007.8,1012.8,94.0,2.7,22.3,91.0,0.0,8,4,0,312.65
85,3,1,1007.8,1012.8,94.0,2.7,22.3,91.0,0.0,8,4,20,93.0
86,3,1,1007.8,1012.8,94.0,2.7,22.3,91.0,0.0,8,4,40,378.45
87,3,3,1007.8,1012.8,94.0,2.7,22.3,91.0,0.0,8,4,0,61.01
88,3,3,1007.8,1012.8,94.0,2.7,22.3,91.0,0.0,8,4,20,344.61
89,3,3,1007.8,1012.8,94.0,2.7,22.3,91.0,0.0,8,4,40,331.13
90,1,2,1008.1,1013.1,96.0,2.0,22.4,91.0,0.0,9,4,0,777.55
91,1,2,1008.1,1013.1,96.0,2.0,22.4,91.0,0.0,9,4,20,205.22
92,1,2,1008.1,1013.1,96.0,2.0,22.4,91.0,0.0,9,4,40,164.18
93,1,3,1008.1,1013.1,96.0,2.0,22.4,91.0,0.0,9,4,0,607.32
94,1,3,1008.1,1013.1,96.0,2.0,22.4,91.0,0.0,9,4,20,458.32
95,1,3,1008.1,1013.1,96.0,2.0,22.4,91.0,0.0,9,4,40,527.3
96,2,1,1008.1,1013.1,96.0,2.0,22.4,91.0,0.0,9,4,0,205.01
97,2,1,1008.1,1013.1,96.0,2.0,22.4,91.0,0.0,9,4,20,127.86
98,2,1,1008.1,1013.1,96.0,2.0,22.4,91.0,0.0,9,4,40,596.23
99,2,3,1008.1,1013.1,96.0,2.0,22.4,91.0,0.0,9,4,0,609.52
100,2,3,1008.1,1013.1,96.0,2.0,22.4,91.0,0.0,9,4,20,109.12
101,2,3,1008.1,1013.1,96.0,2.0,22.4,91.0,0.0,9,4,40,307.67
102,3,1,1008.1,1013.1,96.0,2.0,22.4,91.0,0.0,9,4,0,792.19
103,3,1,1008.1,1013.1,96.0,2.0,22.4,91.0,0.0,9,4,20,41.35
104,3,1,1008.1,1013.1,96.0,2.0,22.4,91.0,0.0,9,4,40,744.79
105,3,3,1008.1,1013.1,96.0,2.0,22.4,91.0,0.0,9,4,0,328.36
106,3,3,1008.1,1013.1,96.0,2.0,22.4,91.0,0.0,9,4,20,696.52
107,3,3,1008.1,1013.1,96.0,2.0,22.4,91.0,0.0,9,4,40,25.87
108,1,2,1004.1,1009.1,335.0,3.1,21.4,98.0,0.5,8,5,0,466.2
109,1,2,1004.1,1009.1,335.0,3.1,21.4,98.0,0.5,8,5,20,765.33
110,1,2,1004.1,1009.1,335.0,3.1,21.4,98.0,0.5,8,5,40,700.79
111,1,3,1004.1,1009.1,335.0,3.1,21.4,98.0,0.5,8,5,0,501.64
112,1,3,1004.1,1009.1,335.0,3.1,21.4,98.0,0.5,8,5,20,525.49
113,1,3,1004.1,1009.1,335.0,3.1,21.4,98.0,0.5,8,5,40,137.07
114,2,1,1004.1,1009.1,335.0,3.1,21.4,98.0,0.5,8,5,0,694.67
115,2,1,1004.1,1009.1,335.0,3.1,21.4,98.0,0.5,8,5,20,70.78
116,2,1,1004.1,1009.1,335.0,3.1,21.4,98.0,0.5,8,5,40,217.8
117,2,3,1004.1,1009.1,335.0,3.1,21.4,98.0,0.5,8,5,0,198.67
118,2,3,1004.1,1009.1,335.0,3.1,21.4,98.0,0.5,8,5,20,388.3
119,2,3,1004.1,1009.1,335.0,3.1,21.4,98.0,0.5,8,5,40,56.87
120,3,1,1004.1,1009.1,335.0,3.1,21.4,98.0,0.5,8,5,0,587.35
121,3,1,1004.1,1009.1,335.0,3.1,21.4,98.0,0.5,8,5,20,486.68
122,3,1,1004.1,1009.1,335.0,3.1,21.4,98.0,0.5,8,5,40,456.76
123,3,3,1004.1,1009.1,335.0,3.1,21.4,98.0,0.5,8,5,0,280.07
124,3,3,1004.1,1009.1,335.0,3.1,21.4,98.0,0.5,8,5,20,85.43
125,3,3,1004.1,1009.1,335.0,3.1,21.4,98.0,0.5,8,5,40,400.74
126,1,2,1004.3,1009.3,340.0,2.8,21.2,98.0,0.0,9,5,0,416.49
127,1,2,1004.3,1009.3,340.0,2.8,21.2,98.0,0.0,9,5,20,248.9
128,1,2,1004.3,1009.3,340.0,2.8,21.2,98.0,0.0,9,5,40,673.67
129,1,3,1004.3,1009.3,340.0,2.8,21.2,98.0,0.0,9,5,0,758.6
130,1,3,1004.3,1009.3,340.0,2.8,21.2,98.0,0.0,9,5,20,441.29
131,1,3,1004.3,1009.3,340.0,2.8,21.2,98.0,0.0,9,5,40,32.53
132,2,1,1004.3,1009.3,340.0,2.8,21.2,98.0,0.0,9,5,0,295.28
133,2,1,1004.3,1009.3,340.0,2.8,21.2,98.0,0.0,9,5,20,241.35
134,2,1,1004.3,1009.3,340.0,2.8,21.2,98.0,0.0,9,5,40,598.35
135,2,3,1004.3,1009.3,340.0,2.8,21.2,98.0,0.0,9,5,0,558.48
136,2,3,1004.3,1009.3,340.0,2.8,21.2,98.0,0.0,9,5,20,767.7
137,2,3,1004.3,1009.3,340.0,2.8,21.2,98.0,0.0,9,5,40,95.07
138,3,1,1004.3,1009.3,340.0,2.8,21.2,98.0,0.0,9,5,0,782.89
139,3,1,1004.3,1009.3,340.0,2.8,21.2,98.0,0.0,9,5,20,25.88
140,3,1,1004.3,1009.3,340.0,2.8,21.2,98.0,0.0,9,5,40,141.48
141,3,3,1004.3,1009.3,340.0,2.8,21.2,98.0,0.0,9,5,0,265.36
142,3,3,1004.3,1009.3,340.0,2.8,21.2,98.0,0.0,9,5,20,270.83
143,3,3,1004.3,1009.3,340.0,2.8,21.2,98.0,0.0,9,5,40,413.07
144,1,2,1000.2,1005.1,86.0,2.9,22.6,96.0,0.1,8,6,0,574.81
145,1,2,1000.2,1005.1,86.0,2.9,22.6,96.0,0.1,8,6,20,621.6
146,1,2,1000.2,1005.1,86.0,2.9,22.6,96.0,0.1,8,6,40,638.73
147,1,3,1000.2,1005.1,86.0,2.9,22.6,96.0,0.1,8,6,0,443.47
148,1,3,1000.2,1005.1,86.0,2.9,22.6,96.0,0.1,8,6,20,244.97
149,1,3,1000.2,1005.1,86.0,2.9,22.6,96.0,0.1,8,6,40,131.41
150,2,1,1000.2,1005.1,86.0,2.9,22.6,96.0,0.1,8,6,0,353.56
151,2,1,1000.2,1005.1,86.0,2.9,22.6,96.0,0.1,8,6,20,35.91
152,2,1,1000.2,1005.1,86.0,2.9,22.6,96.0,0.1,8,6,40,507.65
153,2,3,1000.2,1005.1,86.0,2.9,22.6,96.0,0.1,8,6,0,265.24
154,2,3,1000.2,1005.1,86.0,2.9,22.6,96.0,0.1,8,6,20,540.53
155,2,3,1000.2,1005.1,86.0,2.9,22.6,96.0,0.1,8,6,40,236.79
156,3,1,1000.2,1005.1,86.0,2.9,22.6,96.0,0.1,8,6,0,193.04
157,3,1,1000.2,1005.1,86.0,2.9,22.6,96.0,0.1,8,6,20,645.46
158,3,1,1000.2,1005.1,86.0,2.9,22.6,96.0,0.1,8,6,40,287.92
159,3,3,1000.2,1005.1,86.0,2.9,22.6,96.0,0.1,8,6,0,475.47
160,3,3,1000.2,1005.1,86.0,2.9,22.6,96.0,0.1,8,6,20,238.54
161,3,3,1000.2,1005.1,86.0,2.9,22.6,96.0,0.1,8,6,40,224.05
162,1,2,999.4,1004.3,117.0,2.0,22.8,97.0,3.1,9,6,0,640.95
163,1,2,999.4,1004.3,117.0,2.0,22.8,97.0,3.1,9,6,20,306.12
164,1,2,999.4,1004.3,117.0,2.0,22.8,97.0,3.1,9,6,40,377.38
165,1,3,999.4,1004.3,117.0,2.0,22.8,97.0,3.1,9,6,0,641.04
166,1,3,999.4,1004.3,117.0,2.0,22.8,97.0,3.1,9,6,20,668.38
167,1,3,999.4,1004.3,117.0,2.0,22.8,97.0,3.1,9,6,40,605.73
168,2,1,999.4,1004.3,117.0,2.0,22.8,97.0,3.1,9,6,0,111.32
169,2,1,999.4,1004.3,117.0,2.0,22.8,97.0,3.1,9,6,20,793.58
170,2,1,999.4,1004.3,117.0,2.0,22.8,97.0,3.1,9,6,40,191.64
171,2,3,999.4,1004.3,117.0,2.0,22.8,97.0,3.1,9,6,0,359.14
172,2,3,999.4,1004.3,117.0,2.0,22.8,97.0,3.1,9,6,20,431.05
173,2,3,999.4,1004.3,117.0,2.0,22.8,97.0,3.1,9,6,40,701.9
174,3,1,999.4,1004.3,117.0,2.0,22.8,97.0,3.1,9,6,0,277.03
175,3,1,999.4,1004.3,117.0,2.0,22.8,97.0,3.1,9,6,20,304.77
176,3,1,999.4,1004.3,117.0,2.0,22.8,97.0,3.1,9,6,40,716.04
177,3,3,999.4,1004.3,117.0,2.0,22.8,97.0,3.1,9,6,0,163.16
178,3,3,999.4,1004.3,117.0,2.0,22.8,97.0,3.1,9,6,20,178.43
179,3,3,999.4,1004.3,117.0,2.0,22.8,97.0,3.1,9,6,40,433.88
180,1,2,1009.1,1014.1,13.0,3.2,20.6,84.0,0.0,8,7,0,730.58
181,1,2,1009.1,1014.1,13.0,3.2,20.6,84.0,0.0,8,7,20,498.97
182,1,2,1009.1,1014.1,13.0,3.2,20.6,84.0,0.0,8,7,40,426.61
183,1,3,1009.1,1014.1,13.0,3.2,20.6,84.0,0.0,8,7,0,74.13
184,1,3,1009.1,1014.1,13.0,3.2,20.6,84.0,0.0,8,7,20,680.94
185,1,3,1009.1,1014.1,13.0,3.2,20.6,84.0,0.0,8,7,40,212.75
186,2,1,1009.1,1014.1,13.0,3.2,20.6,84.0,0.0,8,7,0,32.5
187,2,1,1009.1,1014.1,13.0,3.2,20.6,84.0,0.0,8,7,20,417.39
188,2,1,1009.1,1014.1,13.0,3.2,20.6,84.0,0.0,8,7,40,555.48
189,2,3,1009.1,1014.1,13.0,3.2,20.6,84.0,0.0,8,7,0,417.96
190,2,3,1009.1,1014.1,13.0,3.2,20.6,84.0,0.0,8,7,20,508.88
191,2,3,1009.1,1014.1,13.0,3.2,20.6,84.0,0.0,8,7,40,382.88
192,3,1,1009.1,1014.1,13.0,3.2,20.6,84.0,0.0,8,7,0,582.7
193,3,1,1009.1,1014.1,13.0,3.2,20.6,84.0,0.0,8,7,20,42.56
194,3,1,1009.1,1014.1,13.0,3.2,20.6,84.0,0.0,8,7,40,84.35
195,3,3,1009.1,1014.1,13.0,3.2,20.6,84.0,0.0,8,7,0,738.15
196,3,3,1009.1,1014.1,13.0,3.2,20.6,84.0,0.0,8,7,20,422.04
197,3,3,1009.1,1014.1,13.0,3.2,20.6,84.0,0.0,8,7,40,746.61
198,1,2,1009.9,1014.9,344.0,1.9,20.4,87.0,0.0,9,7,0,717.12
199,1,2,1009.9,1014.9,344.0,1.9,20.4,87.0,0.0,9,7,20,474.32
200,1,2,1009.9,1014.9,344.0,1.9,20.4,87.0,0.0,9,7,40,324.1
201,1,3,1009.9,1014.9,344.0,1.9,20.4,87.0,0.0,9,7,0,43.47
202,1,3,1009.9,1014.9,344.0,1.9,20.4,87.0,0.0,9,7,20,415.92
203,1,3,1009.9,1014.9,344.0,1.9,20.4,87.0,0.0,9,7,40,709.27
204,2,1,1009.9,1014.9,344.0,1.9,20.4,87.0,0.0,9,7,0,347.68
205,2,1,1009.9,1014.9,344.0,1.9,20.4,87.0,0.0,9,7,20,772.43
206,2,1,1009.9,1014.9,344.0,1.9,20.4,87.0,0.0,9,7,40,108.72
207,2,3,1009.9,1014.9,344.0,1.9,20.4,87.0,0.0,9,7,0,496.56
208,2,3,1009.9,1014.9,344.0,1.9,20.4,87.0,0.0,9,7,20,193.15
209,2,3,1009.9,1014.9,344.0,1.9,20.4,87.0,0.0,9,7,40,254.65
210,3,1,1009.9,1014.9,344.0,1.9,20.4,87.0,0.0,9,7,0,551.28
211,3,1,1009.9,1014.9,344.0,1.9,20.4,87.0,0.0,9,7,20,799.81
212,3,1,1009.9,1014.9,344.0,1.9,20.4,87.0,0.0,9,7,40,707.39
213,3,3,1009.9,1014.9,344.0,1.9,20.4,87.0,0.0,9,7,0,218.58
214,3,3,1009.9,1014.9,344.0,1.9,20.4,87.0,0.0,9,7,20,351.59
215,3,3,1009.9,1014.9,344.0,1.9,20.4,87.0,0.0,9,7,40,208.77
216,1,2,1007.7,1012.7,175.0,1.4,24.5,68.0,0.0,8,1,0,767.0
217,1,2,1007.7,1012.7,175.0,1.4,24.5,68.0,0.0,8,1,20,164.69
218,1,2,1007.7,1012.7,175.0,1.4,24.5,68.0,0.0,8,1,40,408.97
219,1,3,1007.7,1012.7,175.0,1.4,24.5,68.0,0.0,8,1,0,43.57
220,1,3,1007.7,1012.7,175.0,1.4,24.5,68.0,0.0,8,1,20,227.41
221,1,3,1007.7,1012.7,175.0,1.4,24.5,68.0,0.0,8,1,40,272.43
222,2,1,1007.7,1012.7,175.0,1.4,24.5,68.0,0.0,8,1,0,94.13
223,2,1,1007.7,1012.7,175.0,1.4,24.5,68.0,0.0,8,1,20,682.39
224,2,1,1007.7,1012.7,175.0,1.4,24.5,68.0,0.0,8,1,40,535.87
225,2,3,1007.7,1012.7,175.0,1.4,24.5,68.0,0.0,8,1,0,475.94
226,2,3,1007.7,1012.7,175.0,1.4,24.5,68.0,0.0,8,1,20,473.15
227,2,3,1007.7,1012.7,175.0,1.4,24.5,68.0,0.0,8,1,40,681.65
228,3,1,1007.7,1012.7,175.0,1.4,24.5,68.0,0.0,8,1,0,756.98
229,3,1,1007.7,1012.7,175.0,1.4,24.5,68.0,0.0,8,1,20,432.67
230,3,1,1007.7,1012.7,175.0,1.4,24.5,68.0,0.0,8,1,40,191.97
231,3,3,1007.7,1012.7,175.0,1.4,24.5,68.0,0.0,8,1,0,133.1
232,3,3,1007.7,1012.7,175.0,1.4,24.5,68.0,0.0,8,1,20,510.39
233,3,3,1007.7,1012.7,175.0,1.4,24.5,68.0,0.0,8,1,40,514.81
234,1,2,1007.3,1012.3,133.0,0.9,23.5,79.0,0.0,9,1,0,546.08
235,1,2,1007.3,1012.3,133.0,0.9,23.5,79.0,0.0,9,1,20,314.55
236,1,2,1007.3,1012.3,133.0,0.9,23.5,79.0,0.0,9,1,40,738.45
237,1,3,1007.3,1012.3,133.0,0.9,23.5,79.0,0.0,9,1,0,283.76
238,1,3,1007.3,1012.3,133.0,0.9,23.5,79.0,0.0,9,1,20,547.64
239,1,3,1007.3,1012.3,133.0,0.9,23.5,79.0,0.0,9,1,40,157.63
240,2,1,1007.3,1012.3,133.0,0.9,23.5,79.0,0.0,9,1,0,530.35
241,2,1,1007.3,1012.3,133.0,0.9,23.5,79.0,0.0,9,1,20,680.03
242,2,1,1007.3,1012.3,133.0,0.9,23.5,79.0,0.0,9,1,40,647.68
243,2,3,1007.3,1012.3,133.0,0.9,23.5,79.0,0.0,9,1,0,707.82
244,2,3,1007.3,1012.3,133.0,0.9,23.5,79.0,0.0,9,1,20,705.68
245,2,3,1007.3,1012.3,133.0,0.9,23.5,79.0,0.0,9,1,40,104.19
246,3,1,1007.3,1012.3,133.0,0.9,23.5,79.0,0.0,9,1,0,390.39
247,3,1,1007.3,1012.3,133.0,0.9,23.5,79.0,0.0,9,1,20,436.55
248,3,1,1007.3,1012.3,133.0,0.9,23.5,79.0,0.0,9,1,40,366.95
249,3,3,1007.3,1012.3,133.0,0.9,23.5,79.0,0.0,9,1,0,456.04
250,3,3,1007.3,1012.3,133.0,0.9,23.5,79.0,0.0,9,1,20,748.23
251,3,3,1007.3,1012.3,133.0,0.9,23.5,79.0,0.0,9,1,40,351.58
252,1,2,1013.7,1018.7,90.0,1.9,20.1,95.0,0.1,17,2,0,20.49
253,1,2,1013.7,1018.7,90.0,1.9,20.1,95.0,0.1,17,2,20,156.09
254,1,2,1013.7,1018.7,90.0,1.9,20.1,95.0,0.1,17,2,40,761.02
255,1,3,1013.7,1018.7,90.0,1.9,20.1,95.0,0.1,17,2,0,56.41
256,1,3,1013.7,1018.7,90.0,1.9,20.1,95.0,0.1,17,2,20,178.66
257,1,3,1013.7,1018.7,90.0,1.9,20.1,95.0,0.1,17,2,40,166.32
258,2,1,1013.7,1018.7,90.0,1.9,20.1,95.0,0.1,17,2,0,714.16
259,2,1,1013.7,1018.7,90.0,1.9,20.1,95.0,0.1,17,2,20,55.88
260,2,1,1013.7,1018.7,90.0,1.9,20.1,95.0,0.1,17,2,40,362.13
261,2,3,1013.7,1018.7,90.0,1.9,20.1,95.0,0.1,17,2,0,451.15
262,2,3,1013.7,1018.7,90.0,1.9,20.1,95.0,0.1,17,2,20,57.81
263,2,3,1013.7,1018.7,90.0,1.9,20.1,95.0,0.1,17,2,40,718.31
264,3,1,1013.7,1018.7,90.0,1.9,20.1,95.0,0.1,17,2,0,82.85
265,3,1,1013.7,1018.7,90.0,1.9,20.1,95.0,0.1,17,2,20,53.57
266,3,1,1013.7,1018.7,90.0,1.9,20.1,95.0,0.1,17,2,40,291.74
267,3,3,1013.7,1018.7,90.0,1.9,20.1,95.0,0.1,17,2,0,232.39
268,3,3,1013.7,1018.7,90.0,1.9,20.1,95.0,0.1,17,2,20,207.16
269,3,3,1013.7,1018.7,90.0,1.9,20.1,95.0,0.1,17,2,40,788.3
270,1,2,1012.1,1017.1,125.0,2.3,20.0,96.0,1.3,18,2,0,142.47
271,1,2,1012.1,1017.1,125.0,2.3,20.0,96.0,1.3,18,2,20,325.15
272,1,2,1012.1,1017.1,125.0,2.3,20.0,96.0,1.3,18,2,40,530.13
273,1,3,1012.1,1017.1,125.0,2.3,20.0,96.0,1.3,18,2,0,346.05
274,1,3,1012.1,1017.1,125.0,2.3,20.0,96.0,1.3,18,2,20,702.28
275,1,3,1012.1,1017.1,125.0,2.3,20.0,96.0,1.3,18,2,40,706.15
276,2,1,1012.1,1017.1,125.0,2.3,20.0,96.0,1.3,18,2,0,780.64
277,2,1,1012.1,1017.1,125.0,2.3,20.0,96.0,1.3,18,2,20,471.46
278,2,1,1012.1,1017.1,125.0,2.3,20.0,96.0,1.3,18,2,40,420.07
279,2,3,1012.1,1017.1,125.0,2.3,20.0,96.0,1.3,18,2,0,767.73
280,2,3,1012.1,1017.1,125.0,2.3,20.0,96.0,1.3,18,2,20,782.26
281,2,3,1012.1,1017.1,125.0,2.3,20.0,96.0,1.3,18,2,40,298.89
282,3,1,1012.1,1017.1,125.0,2.3,20.0,96.0,1.3,18,2,0,692.04
283,3,1,1012.1,1017.1,125.0,2.3,20.0,96.0,1.3,18,2,20,391.05
284,3,1,1012.1,1017.1,125.0,2.3,20.0,96.0,1.3,18,2,40,789.64
285,3,3,1012.1,1017.1,125.0,2.3,20.0,96.0,1.3,18,2,0,313.43
286,3,3,1012.1,1017.1,125.0,2.3,20.0,96.0,1.3,18,2,20,344.35
287,3,3,1012.1,1017.1,125.0,2.3,20.0,96.0,1.3,18,2,40,728.6
288,1,2,1011.6,1016.6,61.0,1.2,20.6,96.0,1.5,17,3,0,332.83
289,1,2,1011.6,1016.6,61.0,1.2,20.6,96.0,1.5,17,3,20,379.1
290,1,2,1011.6,1016.6,61.0,1.2,20.6,96.0,1.5,17,3,40,116.41
291,1,3,1011.6,1016.6,61.0,1.2,20.6,96.0,1.5,17,3,0,505.03
292,1,3,1011.6,1016.6,61.0,1.2,20.6,96.0,1.5,17,3,20,309.08
293,1,3,1011.6,1016.6,61.0,1.2,20.6,96.0,1.5,17,3,40,567.6
294,2,1,1011.6,1016.6,61.0,1.2,20.6,96.0,1.5,17,3,0,656.27
295,2,1,1011.6,1016.6,61.0,1.2,20.6,96.0,1.5,17,3,20,242.04
296,2,1,1011.6,1016.6,61.0,1.2,20.6,96.0,1.5,17,3,40,41.13
297,2,3,1011.6,1016.6,61.0,1.2,20.6,96.0,1.5,17,3,0,385.67
298,2,3,1011.6,1016.6,61.0,1.2,20.6,96.0,1.5,17,3,20,99.01
299,2,3,1011.6,1016.6,61.0,1.2,20.6,96.0,1.5,17,3,40,680.96
300,3,1,1011.6,1016.6,61.0,1.2,20.6,96.0,1.5,17,3,0,616.21
301,3,1,1011.6,1016.6,61.0,1.2,20.6,96.0,1.5,17,3,20,627.52
302,3,1,1011.6,1016.6,61.0,1.2,20.6,96.0,1.5,17,3,40,752.32
303,3,3,1011.6,1016.6,61.0,1.2,20.6,96.0,1.5,17,3,0,374.33
304,3,3,1011.6,1016.6,61.0,1.2,20.6,96.0,1.5,17,3,20,610.49
305,3,3,1011.6,1016.6,61.0,1.2,20.6,96.0,1.5,17,3,40,423.57
306,1,2,1010.1,1015.1,325.0,0.5,20.7,97.0,0.1,18,3,0,641.31
307,1,2,1010.1,1015.1,325.0,0.5,20.7,97.0,0.1,18,3,20,186.91
308,1,2,1010.1,1015.1,325.0,0.5,20.7,97.0,0.1,18,3,40,349.78
309,1,3,1010.1,1015.1,325.0,0.5,20.7,97.0,0.1,18,3,0,386.02
310,1,3,1010.1,1015.1,325.0,0.5,20.7,97.0,0.1,18,3,20,236.77
311,1,3,1010.1,1015.1,325.0,0.5,20.7,97.0,0.1,18,3,40,687.08
312,2,1,1010.1,1015.1,325.0,0.5,20.7,97.0,0.1,18,3,0,77.63
313,2,1,1010.1,1015.1,325.0,0.5,20.7,97.0,0.1,18,3,20,168.56
314,2,1,1010.1,1015.1,325.0,0.5,20.7,97.0,0.1,18,3,40,656.18
315,2,3,1010.1,1015.1,325.0,0.5,20.7,97.0,0.1,18,3,0,371.43
316,2,3,1010.1,1015.1,325.0,0.5,20.7,97.0,0.1,18,3,20,198.0
317,2,3,1010.1,1015.1,325.0,0.5,20.7,97.0,0.1,18,3,40,723.11
318,3,1,1010.1,1015.1,325.0,0.5,20.7,97.0,0.1,18,3,0,703.93
319,3,1,1010.1,1015.1,325.0,0.5,20.7,97.0,0.1,18,3,20,116.12
320,3,1,1010.1,1015.1,325.0,0.5,20.7,97.0,0.1,18,3,40,205.9
321,3,3,1010.1,1015.1,325.0,0.5,20.7,97.0,0.1,18,3,0,403.44
322,3,3,1010.1,1015.1,325.0,0.5,20.7,97.0,0.1,18,3,20,631.39
323,3,3,1010.1,1015.1,325.0,0.5,20.7,97.0,0.1,18,3,40,224.41
324,1,2,1008.5,1013.5,67.0,1.6,21.5,96.0,1.0,17,4,0,516.04
325,1,2,1008.5,1013.5,67.0,1.6,21.5,96.0,1.0,17,4,20,496.51
326,1,2,1008.5,1013.5,67.0,1.6,21.5,96.0,1.0,17,4,40,46.76
327,1,3,1008.5,1013.5,67.0,1.6,21.5,96.0,1.0,17,4,0,461.53
328,1,3,1008.5,1013.5,67.0,1.6,21.5,96.0,1.0,17,4,20,478.04
329,1,3,1008.5,1013.5,67.0,1.6,21.5,96.0,1.0,17,4,40,767.95
330,2,1,1008.5,1013.5,67.0,1.6,21.5,96.0,1.0,17,4,0,175.34
331,2,1,1008.5,1013.5,67.0,1.6,21.5,96.0,1.0,17,4,20,318.35
332,2,1,1008.5,1013.5,67.0,1.6,21.5,96.0,1.0,17,4,40,301.3
333,2,3,1008.5,1013.5,67.0,1.6,21.5,96.0,1.0,17,4,0,596.56
334,2,3,1008.5,1013.5,67.0,1.6,21.5,96.0,1.0,17,4,20,779.0
335,2,3,1008.5,1013.5,67.0,1.6,21.5,96.0,1.0,17,4,40,198.16
336,3,1,1008.5,1013.5,67.0,1.6,21.5,96.0,1.0,17,4,0,505.02
337,3,1,1008.5,1013.5,67.0,1.6,21.5,96.0,1.0,17,4,20,776.69
338,3,1,1008.5,1013.5,67.0,1.6,21.5,96.0,1.0,17,4,40,208.18
339,3,3,1008.5,1013.5,67.0,1.6,21.5,96.0,1.0,17,4,0,657.24
340,3,3,1008.5,1013.5,67.0,1.6,21.5,96.0,1.0,17,4,20,71.66
341,3,3,1008.5,1013.5,67.0,1.6,21.5,96.0,1.0,17,4,40,390.83
342,1,2,1007.3,1012.3,94.0,1.6,21.7,93.0,0.0,18,4,0,550.79
343,1,2,1007.3,1012.3,94.0,1.6,21.7,93.0,0.0,18,4,20,676.84
344,1,2,1007.3,1012.3,94.0,1.6,21.7,93.0,0.0,18,4,40,617.07
345,1,3,1007.3,1012.3,94.0,1.6,21.7,93.0,0.0,18,4,0,336.16
346,1,3,1007.3,1012.3,94.0,1.6,21.7,93.0,0.0,18,4,20,658.98
347,1,3,1007.3,1012.3,94.0,1.6,21.7,93.0,0.0,18,4,40,510.57
348,2,1,1007.3,1012.3,94.0,1.6,21.7,93.0,0.0,18,4,0,794.17
349,2,1,1007.3,1012.3,94.0,1.6,21.7,93.0,0.0,18,4,20,479.45
350,2,1,1007.3,1012.3,94.0,1.6,21.7,93.0,0.0,18,4,40,795.9
351,2,3,1007.3,1012.3,94.0,1.6,21.7,93.0,0.0,18,4,0,701.74
352,2,3,1007.3,1012.3,94.0,1.6,21.7,93.0,0.0,18,4,20,200.32
353,2,3,1007.3,1012.3,94.0,1.6,21.7,93.0,0.0,18,4,40,687.43
354,3,1,1007.3,1012.3,94.0,1.6,21.7,93.0,0.0,18,4,0,126.38
355,3,1,1007.3,1012.3,94.0,1.6,21.7,93.0,0.0,18,4,20,47.75
356,3,1,1007.3,1012.3,94.0,1.6,21.7,93.0,0.0,18,4,40,625.13
357,3,3,1007.3,1012.3,94.0,1.6,21.7,93.0,0.0,18,4,0,559.06
358,3,3,1007.3,1012.3,94.0,1.6,21.7,93.0,0.0,18,4,20,331.23
359,3,3,1007.3,1012.3,94.0,1.6,21.7,93.0,0.0,18,4,40,743.05
360,1,2,1005.8,1010.8,357.0,2.1,21.1,98.0,0.0,17,5,0,774.31
361,1,2,1005.8,1010.8,357.0,2.1,21.1,98.0,0.0,17,5,20,693.38
362,1,2,1005.8,1010.8,357.0,2.1,21.1,98.0,0.0,17,5,40,220.94
363,1,3,1005.8,1010.8,357.0,2.1,21.1,98.0,0.0,17,5,0,681.26
364,1,3,1005.8,1010.8,357.0,2.1,21.1,98.0,0.0,17,5,20,513.32
365,1,3,1005.8,1010.8,357.0,2.1,21.1,98.0,0.0,17,5,40,488.85
366,2,1,1005.8,1010.8,357.0,2.1,21.1,98.0,0.0,17,5,0,492.23
367,2,1,1005.8,1010.8,357.0,2.1,21.1,98.0,0.0,17,5,20,612.93
368,2,1,1005.8,1010.8,357.0,2.1,21.1,98.0,0.0,17,5,40,172.9
369,2,3,1005.8,1010.8,357.0,2.1,21.1,98.0,0.0,17,5,0,780.76
370,2,3,1005.8,1010.8,357.0,2.1,21.1,98.0,0.0,17,5,20,255.91
371,2,3,1005.8,1010.8,357.0,2.1,21.1,98.0,0.0,17,5,40,527.4
372,3,1,1005.8,1010.8,357.0,2.1,21.1,98.0,0.0,17,5,0,278.73
373,3,1,1005.8,1010.8,357.0,2.1,21.1,98.0,0.0,17,5,20,55.62
374,3,1,1005.8,1010.8,357.0,2.1,21.1,98.0,0.0,17,5,40,62.47
375,3,3,1005.8,1010.8,357.0,2.1,21.1,98.0,0.0,17,5,0,297.78
376,3,3,1005.8,1010.8,357.0,2.1,21.1,98.0,0.0,17,5,20,269.7
377,3,3,1005.8,1010.8,357.0,2.1,21.1,98.0,0.0,17,5,40,533.29
378,1,2,1005.3,1010.3,342.0,2.5,21.0,98.0,1.3,18,5,0,554.84
379,1,2,1005.3,1010.3,342.0,2.5,21.0,98.0,1.3,18,5,20,174.14
380,1,2,1005.3,1010.3,342.0,2.5,21.0,98.0,1.3,18,5,40,90.09
381,1,3,1005.3,1010.3,342.0,2.5,21.0,98.0,1.3,18,5,0,576.34
382,1,3,1005.3,1010.3,342.0,2.5,21.0,98.0,1.3,18,5,20,621.4
383,1,3,1005.3,1010.3,342.0,2.5,21.0,98.0,1.3,18,5,40,162.99
384,2,1,1005.3,1010.3,342.0,2.5,21.0,98.0,1.3,18,5,0,389.36
385,2,1,1005.3,1010.3,342.0,2.5,21.0,98.0,1.3,18,5,20,463.61
386,2,1,1005.3,1010.3,342.0,2.5,21.0,98.0,1.3,18,5,40,326.32
387,2,3,1005.3,1010.3,342.0,2.5,21.0,98.0,1.3,18,5,0,255.11
388,2,3,1005.3,1010.3,342.0,2.5,21.0,98.0,1.3,18,5,20,492.8
389,2,3,1005.3,1010.3,342.0,2.5,21.0,98.0,1.3,18,5,40,573.41
390,3,1,1005.3,1010.3,342.0,2.5,21.0,98.0,1.3,18,5,0,236.19
391,3,1,1005.3,1010.3,342.0,2.5,21.0,98.0,1.3,18,5,20,762.52
392,3,1,1005.3,1010.3,342.0,2.5,21.0,98.0,1.3,18,5,40,230.61
393,3,3,1005.3,1010.3,342.0,2.5,21.0,98.0,1.3,18,5,0,611.21
394,3,3,1005.3,1010.3,342.0,2.5,21.0,98.0,1.3,18,5,20,605.76
395,3,3,1005.3,1010.3,342.0,2.5,21.0,98.0,1.3,18,5,40,608.09
396,1,2,1004.0,1009.0,352.0,4.8,20.7,96.0,1.6,17,6,0,224.82
397,1,2,1004.0,1009.0,352.0,4.8,20.7,96.0,1.6,17,6,20,218.01
398,1,2,1004.0,1009.0,352.0,4.8,20.7,96.0,1.6,17,6,40,512.16
399,1,3,1004.0,1009.0,352.0,4.8,20.7,96.0,1.6,17,6,0,773.08
400,1,3,1004.0,1009.0,352.0,4.8,20.7,96.0,1.6,17,6,20,138.23
401,1,3,1004.0,1009.0,352.0,4.8,20.7,96.0,1.6,17,6,40,259.03
402,2,1,1004.0,1009.0,352.0,4.8,20.7,96.0,1.6,17,6,0,436.16
403,2,1,1004.0,1009.0,352.0,4.8,20.7,96.0,1.6,17,6,20,48.49
404,2,1,1004.0,1009.0,352.0,4.8,20.7,96.0,1.6,17,6,40,22.91
405,2,3,1004.0,1009.0,352.0,4.8,20.7,96.0,1.6,17,6,0,683.82
406,2,3,1004.0,1009.0,352.0,4.8,20.7,96.0,1.6,17,6,20,579.51
407,2,3,1004.0,1009.0,352.0,4.8,20.7,96.0,1.6,17,6,40,370.32
408,3,1,1004.0,1009.0,352.0,4.8,20.7,96.0,1.6,17,6,0,388.39
409,3,1,1004.0,1009.0,352.0,4.8,20.7,96.0,1.6,17,6,20,287.29
410,3,1,1004.0,1009.0,352.0,4.8,20.7,96.0,1.6,17,6,40,228.77
411,3,3,1004.0,1009.0,352.0,4.8,20.7,96.0,1.6,17,6,0,772.61
412,3,3,1004.0,1009.0,352.0,4.8,20.7,96.0,1.6,17,6,20,379.59
413,3,3,1004.0,1009.0,352.0,4.8,20.7,96.0,1.6,17,6,40,653.98
414,1,2,1005.3,1010.3,0.0,6.0,20.8,95.0,0.0,18,6,0,456.27
415,1,2,1005.3,1010.3,0.0,6.0,20.8,95.0,0.0,18,6,20,436.85
416,1,2,1005.3,1010.3,0.0,6.0,20.8,95.0,0.0,18,6,40,123.11
417,1,3,1005.3,1010.3,0.0,6.0,20.8,95.0,0.0,18,6,0,272.13
418,1,3,1005.3,1010.3,0.0,6.0,20.8,95.0,0.0,18,6,20,555.05
419,1,3,1005.3,1010.3,0.0,6.0,20.8,95.0,0.0,18,6,40,631.96
420,2,1,1005.3,1010.3,0.0,6.0,20.8,95.0,0.0,18,6,0,135.93
421,2,1,1005.3,1010.3,0.0,6.0,20.8,95.0,0.0,18,6,20,21.35
422,2,1,1005.3,1010.3,0.0,6.0,20.8,95.0,0.0,18,6,40,195.61
423,2,3,1005.3,1010.3,0.0,6.0,20.8,95.0,0.0,18,6,0,583.17
424,2,3,1005.3,1010.3,0.0,6.0,20.8,95.0,0.0,18,6,20,483.32
425,2,3,1005.3,1010.3,0.0,6.0,20.8,95.0,0.0,18,6,40,312.53
426,3,1,1005.3,1010.3,0.0,6.0,20.8,95.0,0.0,18,6,0,166.85
427,3,1,1005.3,1010.3,0.0,6.0,20.8,95.0,0.0,18,6,20,245.35
428,3,1,1005.3,1010.3,0.0,6.0,20.8,95.0,0.0,18,6,40,604.09
429,3,3,1005.3,1010.3,0.0,6.0,20.8,95.0,0.0,18,6,0,59.01
430,3,3,1005.3,1010.3,0.0,6.0,20.8,95.0,0.0,18,6,20,127.81
431,3,3,1005.3,1010.3,0.0,6.0,20.8,95.0,0.0,18,6,40,652.77
432,1,2,1011.4,1016.4,326.0,1.1,19.7,92.0,0.0,17,7,0,448.54
433,1,2,1011.4,1016.4,326.0,1.1,19.7,92.0,0.0,17,7,20,349.11
434,1,2,1011.4,1016.4,326.0,1.1,19.7,92.0,0.0,17,7,40,430.09
435,1,3,1011.4,1016.4,326.0,1.1,19.7,92.0,0.0,17,7,0,604.9
436,1,3,1011.4,1016.4,326.0,1.1,19.7,92.0,0.0,17,7,20,722.28
437,1,3,1011.4,1016.4,326.0,1.1,19.7,92.0,0.0,17,7,40,267.91
438,2,1,1011.4,1016.4,326.0,1.1,19.7,92.0,0.0,17,7,0,328.74
439,2,1,1011.4,1016.4,326.0,1.1,19.7,92.0,0.0,17,7,20,700.35
440,2,1,1011.4,1016.4,326.0,1.1,19.7,92.0,0.0,17,7,40,168.58
441,2,3,1011.4,1016.4,326.0,1.1,19.7,92.0,0.0,17,7,0,226.11
442,2,3,1011.4,1016.4,326.0,1.1,19.7,92.0,0.0,17,7,20,40.85
443,2,3,1011.4,1016.4,326.0,1.1,19.7,92.0,0.0,17,7,40,24.97
444,3,1,1011.4,1016.4,326.0,1.1,19.7,92.0,0.0,17,7,0,239.72
445,3,1,1011.4,1016.4,326.0,1.1,19.7,92.0,0.0,17,7,20,419.64
446,3,1,1011.4,1016.4,326.0,1.1,19.7,92.0,0.0,17,7,40,34.53
447,3,3,1011.4,1016.4,326.0,1.1,19.7,92.0,0.0,17,7,0,324.3
448,3,3,1011.4,1016.4,326.0,1.1,19.7,92.0,0.0,17,7,20,257.89
449,3,3,1011.4,1016.4,326.0,1.1,19.7,92.0,0.0,17,7,40,660.74
450,1,2,1011.0,1016.0,43.0,0.8,19.3,92.0,0.0,18,7,0,184.86
451,1,2,1011.0,1016.0,43.0,0.8,19.3,92.0,0.0,18,7,20,99.69
452,1,2,1011.0,1016.0,43.0,0.8,19.3,92.0,0.0,18,7,40,230.8
453,1,3,1011.0,1016.0,43.0,0.8,19.3,92.0,0.0,18,7,0,451.12
454,1,3,1011.0,1016.0,43.0,0.8,19.3,92.0,0.0,18,7,20,390.61
455,1,3,1011.0,1016.0,43.0,0.8,19.3,92.0,0.0,18,7,40,83.52
456,2,1,1011.0,1016.0,43.0,0.8,19.3,92.0,0.0,18,7,0,345.81
457,2,1,1011.0,1016.0,43.0,0.8,19.3,92.0,0.0,18,7,20,161.84
458,2,1,1011.0,1016.0,43.0,0.8,19.3,92.0,0.0,18,7,40,308.37
459,2,3,1011.0,1016.0,43.0,0.8,19.3,92.0,0.0,18,7,0,286.77
460,2,3,1011.0,1016.0,43.0,0.8,19.3,92.0,0.0,18,7,20,252.69
461,2,3,1011.0,1016.0,43.0,0.8,19.3,92.0,0.0,18,7,40,610.84
462,3,1,1011.0,1016.0,43.0,0.8,19.3,92.0,0.0,18,7,0,413.23
463,3,1,1011.0,1016.0,43.0,0.8,19.3,92.0,0.0,18,7,20,58.85
464,3,1,1011.0,1016.0,43.0,0.8,19.3,92.0,0.0,18,7,40,282.06
465,3,3,1011.0,1016.0,43.0,0.8,19.3,92.0,0.0,18,7,0,652.06
466,3,3,1011.0,1016.0,43.0,0.8,19.3,92.0,0.0,18,7,20,246.43
467,3,3,1011.0,1016.0,43.0,0.8,19.3,92.0,0.0,18,7,40,486.65
468,1,2,1008.0,1013.0,210.0,1.4,21.0,91.0,0.0,17,1,0,220.4
469,1,2,1008.0,1013.0,210.0,1.4,21.0,91.0,0.0,17,1,20,60.17
470,1,2,1008.0,1013.0,210.0,1.4,21.0,91.0,0.0,17,1,40,208.76
471,1,3,1008.0,1013.0,210.0,1.4,21.0,91.0,0.0,17,1,0,538.44
472,1,3,1008.0,1013.0,210.0,1.4,21.0,91.0,0.0,17,1,20,504.09
473,1,3,1008.0,1013.0,210.0,1.4,21.0,91.0,0.0,17,1,40,501.68
474,2,1,1008.0,1013.0,210.0,1.4,21.0,91.0,0.0,17,1,0,477.07
475,2,1,1008.0,1013.0,210.0,1.4,21.0,91.0,0.0,17,1,20,520.11
476,2,1,1008.0,1013.0,210.0,1.4,21.0,91.0,0.0,17,1,40,705.6
477,2,3,1008.0,1013.0,210.0,1.4,21.0,91.0,0.0,17,1,0,542.78
478,2,3,1008.0,1013.0,210.0,1.4,21.0,91.0,0.0,17,1,20,516.83
479,2,3,1008.0,1013.0,210.0,1.4,21.0,91.0,0.0,17,1,40,707.16
480,3,1,1008.0,1013.0,210.0,1.4,21.0,91.0,0.0,17,1,0,493.19
481,3,1,1008.0,1013.0,210.0,1.4,21.0,91.0,0.0,17,1,20,155.3
482,3,1,1008.0,1013.0,210.0,1.4,21.0,91.0,0.0,17,1,40,470.54
483,3,3,1008.0,1013.0,210.0,1.4,21.0,91.0,0.0,17,1,0,437.11
484,3,3,1008.0,1013.0,210.0,1.4,21.0,91.0,0.0,17,1,20,485.05
485,3,3,1008.0,1013.0,210.0,1.4,21.0,91.0,0.0,17,1,40,83.02
486,1,2,1007.3,1012.3,226.0,3.0,20.7,94.0,0.0,18,1,0,227.31
487,1,2,1007.3,1012.3,226.0,3.0,20.7,94.0,0.0,18,1,20,277.06
488,1,2,1007.3,1012.3,226.0,3.0,20.7,94.0,0.0,18,1,40,517.01
489,1,3,1007.3,1012.3,226.0,3.0,20.7,94.0,0.0,18,1,0,31.39
490,1,3,1007.3,1012.3,226.0,3.0,20.7,94.0,0.0,18,1,20,126.24
491,1,3,1007.3,1012.3,226.0,3.0,20.7,94.0,0.0,18,1,40,400.39
492,2,1,1007.3,1012.3,226.0,3.0,20.7,94.0,0.0,18,1,0,714.47
493,2,1,1007.3,1012.3,226.0,3.0,20.7,94.0,0.0,18,1,20,572.81
494,2,1,1007.3,1012.3,226.0,3.0,20.7,94.0,0.0,18,1,40,633.55
495,2,3,1007.3,1012.3,226.0,3.0,20.7,94.0,0.0,18,1,0,68.16
496,2,3,1007.3,1012.3,226.0,3.0,20.7,94.0,0.0,18,1,20,674.98
497,2,3,1007.3,1012.3,226.0,3.0,20.7,94.0,0.0,18,1,40,357.32
498,3,1,1007.3,1012.3,226.0,3.0,20.7,94.0,0.0,18,1,0,560.95
499,3,1,1007.3,1012.3,226.0,3.0,20.7,94.0,0.0,18,1,20,460.21
500,3,1,1007.3,1012.3,226.0,3.0,20.7,94.0,0.0,18,1,40,610.65
501,3,3,1007.3,1012.3,226.0,3.0,20.7,94.0,0.0,18,1,0,748.61
502,3,3,1007.3,1012.3,226.0,3.0,20.7,94.0,0.0,18,1,20,623.45
503,3,3,1007.3,1012.3,226.0,3.0,20.7,94.0,0.0,18,1,40,559.67
