,intersection_id,tollgate_id,time_window,avg_travel_time,datetime,datehour,pressure,sea_pressure,wind_direction,wind_speed,temperature,rel_humidity,precipitation
0,A,2,"[2016-10-18 08:00:00,2016-10-18 08:20:00)",681.3,2016-10-18 08:00:00,2016-10-18 06:00:00,1012.5,1017.5,128.0,1.6,23.4,73.0,0.0
1,A,2,"[2016-10-18 08:20:00,2016-10-18 08:40:00)",128.11,2016-10-18 08:20:00,2016-10-18 06:00:00,1012.5,1017.5,128.0,1.6,23.4,73.0,0.0
2,A,2,"[2016-10-18 08:40:00,2016-10-18 09:00:00)",176.23,2016-10-18 08:40:00,2016-10-18 06:00:00,1012.5,1017.5,128.0,1.6,23.4,73.0,0.0
3,A,3,"[2016-10-18 08:00:00,2016-10-18 08:20:00)",390.3,2016-10-18 08:00:00,2016-10-18 06:00:00,1012.5,1017.5,128.0,1.6,23.4,73.0,0.0
4,A,3,"[2016-10-18 08:20:00,2016-10-18 08:40:00)",581.84,2016-10-18 08:20:00,2016-10-18 06:00:00,1012.5,1017.5,128.0,1.6,23.4,73.0,0.0
5,A,3,"[2016-10-18 08:40:00,2016-10-18 09:00:00)",35.58,2016-10-18 08:40:00,2016-10-18 06:00:00,1012.5,1017.5,128.0,1.6,23.4,73.0,0.0
6,B,1,"[2016-10-18 08:00:00,2016-10-18 08:20:00)",796.15,2016-10-18 08:00:00,2016-10-18 06:00:00,1012.5,1017.5,128.0,1.6,23.4,73.0,0.0
7,B,1,"[2016-10-18 08:20:00,2016-10-18 08:40:00)",764.56,2016-10-18 08:20:00,2016-10-18 06:00:00,1012.5,1017.5,128.0,1.6,23.4,73.0,0.0
8,B,1,"[2016-10-18 08:40:00,2016-10-18 09:00:00)",627.1,2016-10-18 08:40:00,2016-10-18 06:00:00,1012.5,1017.5,128.0,1.6,23.4,73.0,0.0
9,B,3,"[2016-10-18 08:00:00,2016-10-18 08:20:00)",134.38,2016-10-18 08:00:00,2016-10-18 06:00:00,1012.5,1017.5,128.0,1.6,23.4,73.0,0.0
10,B,3,"[2016-10-18 08:20:00,2016-10-18 08:40:00)",797.27,2016-10-18 08:20:00,2016-10-18 06:00:00,1012.5,1017.5,128.0,1.6,23.4,73.0,0.0
11,B,3,"[2016-10-18 08:40:00,2016-10-18 09:00:00)",518.69,2016-10-18 08:40:00,2016-10-18 06:00:00,1012.5,1017.5,128.0,1.6,23.4,73.0,0.0
12,C,1,"[2016-10-18 08:00:00,2016-10-18 08:20:00)",755.51,2016-10-18 08:00:00,2016-10-18 06:00:00,1012.5,1017.5,128.0,1.6,23.4,73.0,0.0
13,C,1,"[2016-10-18 08:20:00,2016-10-18 08:40:00)",511.98,2016-10-18 08:20:00,2016-10-18 06:00:00,1012.5,1017.5,128.0,1.6,23.4,73.0,0.0
14,C,1,"[2016-10-18 08:40:00,2016-10-18 09:00:00)",443.83,2016-10-18 08:40:00,2016-10-18 06:00:00,1012.5,1017.5,128.0,1.6,23.4,73.0,0.0
15,C,3,"[2016-10-18 08:00:00,2016-10-18 08:20:00)",200.24,2016-10-18 08:00:00,2016-10-18 06:00:00,1012.5,1017.5,128.0,1.6,23.4,73.0,0.0
16,C,3,"[2016-10-18 08:20:00,2016-10-18 08:40:00)",28.37,2016-10-18 08:20:00,2016-10-18 06:00:00,1012.5,1017.5,128.0,1.6,23.4,73.0,0.0
17,C,3,"[2016-10-18 08:40:00,2016-10-18 09:00:00)",225.34,2016-10-18 08:40:00,2016-10-18 06:00:00,1012.5,1017.5,128.0,1.6,23.4,73.0,0.0
18,A,2,"[2016-10-18 09:00:00,2016-10-18 09:20:00)",749.09,2016-10-18 09:00:00,2016-10-18 09:00:00,1013.0,1018.0,205.0,0.6,20.9,94.0,1.8
19,A,2,"[2016-10-18 09:20:00,2016-10-18 09:40:00)",37.22,2016-10-18 09:20:00,2016-10-18 09:00:00,1013.0,1018.0,205.0,0.6,20.9,94.0,1.8
20,A,2,"[2016-10-18 09:40:00,2016-10-18 10:00:00)",184.95,2016-10-18 09:40:00,2016-10-18 09:00:00,1013.0,1018.0,205.0,0.6,20.9,94.0,1.8
21,A,3,"[2016-10-18 09:00:00,2016-10-18 09:20:00)",636.4,2016-10-18 09:00:00,2016-10-18 09:00:00,1013.0,1018.0,205.0,0.6,20.9,94.0,1.8
22,A,3,"[2016-10-18 09:20:00,2016-10-18 09:40:00)",277.84,2016-10-18 09:20:00,2016-10-18 09:00:00,1013.0,1018.0,205.0,0.6,20.9,94.0,1.8
23,A,3,"[2016-10-18 09:40:00,2016-10-18 10:00:00)",338.26,2016-10-18 09:40:00,2016-10-18 09:00:00,1013.0,1018.0,205.0,0.6,20.9,94.0,1.8
24,B,1,"[2016-10-18 09:00:00,2016-10-18 09:20:00)",576.95,2016-10-18 09:00:00,2016-10-18 09:00:00,1013.0,1018.0,205.0,0.6,20.9,94.0,1.8
25,B,1,"[2016-10-18 09:20:00,2016-10-18 09:40:00)",151.97,2016-10-18 09:20:00,2016-10-18 09:00:00,1013.0,1018.0,205.0,0.6,20.9,94.0,1.8
26,B,1,"[2016-10-18 09:40:00,2016-10-18 10:00:00)",720.37,2016-10-18 09:40:00,2016-10-18 09:00:00,1013.0,1018.0,205.0,0.6,20.9,94.0,1.8
27,B,3,"[2016-10-18 09:00:00,2016-10-18 09:20:00)",194.33,2016-10-18 09:00:00,2016-10-18 09:00:00,1013.0,1018.0,205.0,0.6,20.9,94.0,1.8
28,B,3,"[2016-10-18 09:20:00,2016-10-18 09:40:00)",551.26,2016-10-18 09:20:00,2016-10-18 09:00:00,1013.0,1018.0,205.0,0.6,20.9,94.0,1.8
29,B,3,"[2016-10-18 09:40:00,2016-10-18 10:00:00)",369.11,2016-10-18 09:40:00,2016-10-18 09:00:00,1013.0,1018.0,205.0,0.6,20.9,94.0,1.8
30,C,1,"[2016-10-18 09:00:00,2016-10-18 09:20:00)",711.83,2016-10-18 09:00:00,2016-10-18 09:00:00,1013.0,1018.0,205.0,0.6,20.9,94.0,1.8
31,C,1,"[2016-10-18 09:20:00,2016-10-18 09:40:00)",112.73,2016-10-18 09:20:00,2016-10-18 09:00:00,1013.0,1018.0,205.0,0.6,20.9,94.0,1.8
32,C,1,"[2016-10-18 09:40:00,2016-10-18 10:00:00)",779.28,2016-10-18 09:40:00,2016-10-18 09:00:00,1013.0,1018.0,205.0,0.6,20.9,94.0,1.8
33,C,3,"[2016-10-18 09:00:00,2016-10-18 09:20:00)",721.66,2016-10-18 09:00:00,2016-10-18 09:00:00,1013.0,1018.0,205.0,0.6,20.9,94.0,1.8
34,C,3,"[2016-10-18 09:20:00,2016-10-18 09:40:00)",289.0,2016-10-18 09:20:00,2016-10-18 09:00:00,1013.0,1018.0,205.0,0.6,20.9,94.0,1.8
35,C,3,"[2016-10-18 09:40:00,2016-10-18 10:00:00)",409.04,2016-10-18 09:40:00,2016-10-18 09:00:00,1013.0,1018.0,205.0,0.6,20.9,94.0,1.8
36,A,2,"[2016-10-19 08:00:00,2016-10-19 08:20:00)",614.73,2016-10-19 08:00:00,2016-10-19 06:00:00,1010.8,1015.8,89.0,2.1,20.7,94.0,1.0
37,A,2,"[2016-10-19 08:20:00,2016-10-19 08:40:00)",118.63,2016-10-19 08:20:00,2016-10-19 06:00:00,1010.8,1015.8,89.0,2.1,20.7,94.0,1.0
38,A,2,"[2016-10-19 08:40:00,2016-10-19 09:00:00)",63.27,2016-10-19 08:40:00,2016-10-19 06:00:00,1010.8,1015.8,89.0,2.1,20.7,94.0,1.0
39,A,3,"[2016-10-19 08:00:00,2016-10-19 08:20:00)",480.7,2016-10-19 08:00:00,2016-10-19 06:00:00,1010.8,1015.8,89.0,2.1,20.7,94.0,1.0
40,A,3,"[2016-10-19 08:20:00,2016-10-19 08:40:00)",109.43,2016-10-19 08:20:00,2016-10-19 06:00:00,1010.8,1015.8,89.0,2.1,20.7,94.0,1.0
41,A,3,"[2016-10-19 08:40:00,2016-10-19 09:00:00)",518.37,2016-10-19 08:40:00,2016-10-19 06:00:00,1010.8,1015.8,89.0,2.1,20.7,94.0,1.0
42,B,1,"[2016-10-19 08:00:00,2016-10-19 08:20:00)",195.55,2016-10-19 08:00:00,2016-10-19 06:00:00,1010.8,1015.8,89.0,2.1,20.7,94.0,1.0
43,B,1,"[2016-10-19 08:20:00,2016-10-19 08:40:00)",462.95,2016-10-19 08:20:00,2016-10-19 06:00:00,1010.8,1015.8,89.0,2.1,20.7,94.0,1.0
44,B,1,"[2016-10-19 08:40:00,2016-10-19 09:00:00)",213.37,2016-10-19 08:40:00,2016-10-19 06:00:00,1010.8,1015.8,89.0,2.1,20.7,94.0,1.0
45,B,3,"[2016-10-19 08:00:00,2016-10-19 08:20:00)",784.17,2016-10-19 08:00:00,2016-10-19 06:00:00,1010.8,1015.8,89.0,2.1,20.7,94.0,1.0
46,B,3,"[2016-10-19 08:20:00,2016-10-19 08:40:00)",268.12,2016-10-19 08:20:00,2016-10-19 06:00:00,1010.8,1015.8,89.0,2.1,20.7,94.0,1.0
47,B,3,"[2016-10-19 08:40:00,2016-10-19 09:00:00)",45.38,2016-10-19 08:40:00,2016-10-19 06:00:00,1010.8,1015.8,89.0,2.1,20.7,94.0,1.0
48,C,1,"[2016-10-19 08:00:00,2016-10-19 08:20:00)",129.77,2016-10-19 08:00:00,2016-10-19 06:00:00,1010.8,1015.8,89.0,2.1,20.7,94.0,1.0
49,C,1,"[2016-10-19 08:20:00,2016-10-19 08:40:00)",444.61,2016-10-19 08:20:00,2016-10-19 06:00:00,1010.8,1015.8,89.0,2.1,20.7,94.0,1.0
50,C,1,"[2016-10-19 08:40:00,2016-10-19 09:00:00)",556.24,2016-10-19 08:40:00,2016-10-19 06:00:00,1010.8,1015.8,89.0,2.1,20.7,94.0,1.0
51,C,3,"[2016-10-19 08:00:00,2016-10-19 08:20:00)",514.72,2016-10-19 08:00:00,2016-10-19 06:00:00,1010.8,1015.8,89.0,2.1,20.7,94.0,1.0
52,C,3,"[2016-10-19 08:20:00,2016-10-19 08:40:00)",533.54,2016-10-19 08:20:00,2016-10-19 06:00:00,1010.8,1015.8,89.0,2.1,20.7,94.0,1.0
53,C,3,"[2016-10-19 08:40:00,2016-10-19 09:00:00)",468.9,2016-10-19 08:40:00,2016-10-19 06:00:00,1010.8,1015.8,89.0,2.1,20.7,94.0,1.0
54,A,2,"[2016-10-19 09:00:00,2016-10-19 09:20:00)",516.6,2016-10-19 09:00:00,2016-10-19 09:00:00,1010.9,1015.9,96.0,1.8,20.5,95.0,0.2
55,A,2,"[2016-10-19 09:20:00,2016-10-19 09:40:00)",42.83,2016-10-19 09:20:00,2016-10-19 09:00:00,1010.9,1015.9,96.0,1.8,20.5,95.0,0.2
56,A,2,"[2016-10-19 09:40:00,2016-10-19 10:00:00)",459.44,2016-10-19 09:40:00,2016-10-19 09:00:00,1010.9,1015.9,96.0,1.8,20.5,95.0,0.2
57,A,3,"[2016-10-19 09:00:00,2016-10-19 09:20:00)",96.84,2016-10-19 09:00:00,2016-10-19 09:00:00,1010.9,1015.9,96.0,1.8,20.5,95.0,0.2
58,A,3,"[2016-10-19 09:20:00,2016-10-19 09:40:00)",484.39,2016-10-19 09:20:00,2016-10-19 09:00:00,1010.9,1015.9,96.0,1.8,20.5,95.0,0.2
59,A,3,"[2016-10-19 09:40:00,2016-10-19 10:00:00)",156.15,2016-10-19 09:40:00,2016-10-19 09:00:00,1010.9,1015.9,96.0,1.8,20.5,95.0,0.2
60,B,1,"[2016-10-19 09:00:00,2016-10-19 09:20:00)",43.09,2016-10-19 09:00:00,2016-10-19 09:00:00,1010.9,1015.9,96.0,1.8,20.5,95.0,0.2
61,B,1,"[2016-10-19 09:20:00,2016-10-19 09:40:00)",232.07,2016-10-19 09:20:00,2016-10-19 09:00:00,1010.9,1015.9,96.0,1.8,20.5,95.0,0.2
62,B,1,"[2016-10-19 09:40:00,2016-10-19 10:00:00)",745.97,2016-10-19 09:40:00,2016-10-19 09:00:00,1010.9,1015.9,96.0,1.8,20.5,95.0,0.2
63,B,3,"[2016-10-19 09:00:00,2016-10-19 09:20:00)",326.4,2016-10-19 09:00:00,2016-10-19 09:00:00,1010.9,1015.9,96.0,1.8,20.5,95.0,0.2
64,B,3,"[2016-10-19 09:20:00,2016-10-19 09:40:00)",719.5,2016-10-19 09:20:00,2016-10-19 09:00:00,1010.9,1015.9,96.0,1.8,20.5,95.0,0.2
65,B,3,"[2016-10-19 09:40:00,2016-10-19 10:00:00)",34.22,2016-10-19 09:40:00,2016-10-19 09:00:00,1010.9,1015.9,96.0,1.8,20.5,95.0,0.2
66,C,1,"[2016-10-19 09:00:00,2016-10-19 09:20:00)",401.62,2016-10-19 09:00:00,2016-10-19 09:00:00,1010.9,1015.9,96.0,1.8,20.5,95.0,0.2
67,C,1,"[2016-10-19 09:20:00,2016-10-19 09:40:00)",209.48,2016-10-19 09:20:00,2016-10-19 09:00:00,1010.9,1015.9,96.0,1.8,20.5,95.0,0.2
68,C,1,"[2016-10-19 09:40:00,2016-10-19 10:00:00)",711.04,2016-10-19 09:40:00,2016-10-19 09:00:00,1010.9,1015.9,96.0,1.8,20.5,95.0,0.2
69,C,3,"[2016-10-19 09:00:00,2016-10-19 09:20:00)",392.41,2016-10-19 09:00:00,2016-10-19 09:00:00,1010.9,1015.9,96.0,1.8,20.5,95.0,0.2
70,C,3,"[2016-10-19 09:20:00,2016-10-19 09:40:00)",255.91,2016-10-19 09:20:00,2016-10-19 09:00:00,1010.9,1015.9,96.0,1.8,20.5,95.0,0.2
71,C,3,"[2016-10-19 09:40:00,2016-10-19 10:00:00)",231.76,2016-10-19 09:40:00,2016-10-19 09:00:00,1010.9,1015.9,96.0,1.8,20.5,95.0,0.2
72,A,2,"[2016-10-20 08:00:00,2016-10-20 08:20:00)",56.98,2016-10-20 08:00:00,2016-10-20 06:00:00,1007.8,1012.8,94.0,2.7,22.3,91.0,0.0
73,A,2,"[2016-10-20 08:20:00,2016-10-20 08:40:00)",566.16,2016-10-20 08:20:00,2016-10-20 06:00:00,1007.8,1012.8,94.0,2.7,22.3,91.0,0.0
74,A,2,"[2016-10-20 08:40:00,2016-10-20 09:00:00)",125.39,2016-10-20 08:40:00,2016-10-20 06:00:00,1007.8,1012.8,94.0,2.7,22.3,91.0,0.0
75,A,3,"[2016-10-20 08:00:00,2016-10-20 08:20:00)",323.64,2016-10-20 08:00:00,2016-10-20 06:00:00,1007.8,1012.8,94.0,2.7,22.3,91.0,0.0
76,A,3,"[2016-10-20 08:20:00,2016-10-20 08:40:00)",283.28,2016-10-20 08:20:00,2016-10-20 06:00:00,1007.8,1012.8,94.0,2.7,22.3,91.0,0.0
77,A,3,"[2016-10-20 08:40:00,2016-10-20 09:00:00)",57.28,2016-10-20 08:40:00,2016-10-20 06:00:00,1007.8,1012.8,94.0,2.7,22.3,91.0,0.0
78,B,1,"[2016-10-20 08:00:00,2016-10-20 08:20:00)",731.14,2016-10-20 08:00:00,2016-10-20 06:00:00,1007.8,1012.8,94.0,2.7,22.3,91.0,0.0
79,B,1,"[2016-10-20 08:20:00,2016-10-20 08:40:00)",266.5,2016-10-20 08:20:00,2016-10-20 06:00:00,1007.8,1012.8,94.0,2.7,22.3,91.0,0.0
80,B,1,"[2016-10-20 08:40:00,2016-10-20 09:00:00)",527.62,2016-10-20 08:40:00,2016-10-20 06:00:00,1007.8,1012.8,94.0,2.7,22.3,91.0,0.0
81,B,3,"[2016-10-20 08:00:00,2016-10-20 08:20:00)",496.7,2016-10-20 08:00:00,2016-10-20 06:00:00,1007.8,1012.8,94.0,2.7,22.3,91.0,0.0
82,B,3,"[2016-10-20 08:20:00,2016-10-20 08:40:00)",500.99,2016-10-20 08:20:00,2016-10-20 06:00:00,1007.8,1012.8,94.0,2.7,22.3,91.0,0.0
83,B,3,"[2016-10-20 08:40:00,2016-10-20 09:00:00)",735.57,2016-10-20 08:40:00,2016-10-20 06:00:00,1007.8,1012.8,94.0,2.7,22.3,91.0,0.0
84,C,1,"[2016-10-20 08:00:00,2016-10-20 08:20:00)",312.65,2016-10-20 08:00:00,2016-10-20 06:00:00,1007.8,1012.8,94.0,2.7,22.3,91.0,0.0
85,C,1,"[2016-10-20 08:20:00,2016-10-20 08:40:00)",93.0,2016-10-20 08:20:00,2016-10-20 06:00:00,1007.8,1012.8,94.0,2.7,22.3,91.0,0.0
86,C,1,"[2016-10-20 08:40:00,2016-10-20 09:00:00)",378.45,2016-10-20 08:40:00,2016-10-20 06:00:00,1007.8,1012.8,94.0,2.7,22.3,91.0,0.0
87,C,3,"[2016-10-20 08:00:00,2016-10-20 08:20:00)",61.01,2016-10-20 08:00:00,2016-10-20 06:00:00,1007.8,1012.8,94.0,2.7,22.3,91.0,0.0
88,C,3,"[2016-10-20 08:20:00,2016-10-20 08:40:00)",344.61,2016-10-20 08:20:00,2016-10-20 06:00:00,1007.8,1012.8,94.0,2.7,22.3,91.0,0.0
89,C,3,"[2016-10-20 08:40:00,2016-10-20 09:00:00)",331.13,2016-10-20 08:40:00,2016-10-20 06:00:00,1007.8,1012.8,94.0,2.7,22.3,91.0,0.0
90,A,2,"[2016-10-20 09:00:00,2016-10-20 09:20:00)",777.55,2016-10-20 09:00:00,2016-10-20 09:00:00,1008.1,1013.1,96.0,2.0,22.4,91.0,0.0
91,A,2,"[2016-10-20 09:20:00,2016-10-20 09:40:00)",205.22,2016-10-20 09:20:00,2016-10-20 09:00:00,1008.1,1013.1,96.0,2.0,22.4,91.0,0.0
92,A,2,"[2016-10-20 09:40:00,2016-10-20 10:00:00)",164.18,2016-10-20 09:40:00,2016-10-20 09:00:00,1008.1,1013.1,96.0,2.0,22.4,91.0,0.0
93,A,3,"[2016-10-20 09:00:00,2016-10-20 09:20:00)",607.32,2016-10-20 09:00:00,2016-10-20 09:00:00,1008.1,1013.1,96.0,2.0,22.4,91.0,0.0
94,A,3,"[2016-10-20 09:20:00,2016-10-20 09:40:00)",458.32,2016-10-20 09:20:00,2016-10-20 09:00:00,1008.1,1013.1,96.0,2.0,22.4,91.0,0.0
95,A,3,"[2016-10-20 09:40:00,2016-10-20 10:00:00)",527.3,2016-10-20 09:40:00,2016-10-20 09:00:00,1008.1,1013.1,96.0,2.0,22.4,91.0,0.0
96,B,1,"[2016-10-20 09:00:00,2016-10-20 09:20:00)",205.01,2016-10-20 09:00:00,2016-10-20 09:00:00,1008.1,1013.1,96.0,2.0,22.4,91.0,0.0
97,B,1,"[2016-10-20 09:20:00,2016-10-20 09:40:00)",127.86,2016-10-20 09:20:00,2016-10-20 09:00:00,1008.1,1013.1,96.0,2.0,22.4,91.0,0.0
98,B,1,"[2016-10-20 09:40:00,2016-10-20 10:00:00)",596.23,2016-10-20 09:40:00,2016-10-20 09:00:00,1008.1,1013.1,96.0,2.0,22.4,91.0,0.0
99,B,3,"[2016-10-20 09:00:00,2016-10-20 09:20:00)",609.52,2016-10-20 09:00:00,2016-10-20 09:00:00,1008.1,1013.1,96.0,2.0,22.4,91.0,0.0
100,B,3,"[2016-10-20 09:20:00,2016-10-20 09:40:00)",109.12,2016-10-20 09:20:00,2016-10-20 09:00:00,1008.1,1013.1,96.0,2.0,22.4,91.0,0.0
101,B,3,"[2016-10-20 09:40:00,2016-10-20 10:00:00)",307.67,2016-10-20 09:40:00,2016-10-20 09:00:00,1008.1,1013.1,96.0,2.0,22.4,91.0,0.0
102,C,1,"[2016-10-20 09:00:00,2016-10-20 09:20:00)",792.19,2016-10-20 09:00:00,2016-10-20 09:00:00,1008.1,1013.1,96.0,2.0,22.4,91.0,0.0
103,C,1,"[2016-10-20 09:20:00,2016-10-20 09:40:00)",41.35,2016-10-20 09:20:00,2016-10-20 09:00:00,1008.1,1013.1,96.0,2.0,22.4,91.0,0.0
104,C,1,"[2016-10-20 09:40:00,2016-10-20 10:00:00)",744.79,2016-10-20 09:40:00,2016-10-20 09:00:00,1008.1,1013.1,96.0,2.0,22.4,91.0,0.0
105,C,3,"[2016-10-20 09:00:00,2016-10-20 09:20:00)",328.36,2016-10-20 09:00:00,2016-10-20 09:00:00,1008.1,1013.1,96.0,2.0,22.4,91.0,0.0
106,C,3,"[2016-10-20 09:20:00,2016-10-20 09:40:00)",696.52,2016-10-20 09:20:00,2016-10-20 09:00:00,1008.1,1013.1,96.0,2.0,22.4,91.0,0.0
107,C,3,"[2016-10-20 09:40:00,2016-10-20 10:00:00)",25.87,2016-10-20 09:40:00,2016-10-20 09:00:00,1008.1,1013.1,96.0,2.0,22.4,91.0,0.0
108,A,2,"[2016-10-21 08:00:00,2016-10-21 08:20:00)",466.2,2016-10-21 08:00:00,2016-10-21 06:00:00,1004.1,1009.1,335.0,3.1,21.4,98.0,0.5
109,A,2,"[2016-10-21 08:20:00,2016-10-21 08:40:00)",765.33,2016-10-21 08:20:00,2016-10-21 06:00:00,1004.1,1009.1,335.0,3.1,21.4,98.0,0.5
110,A,2,"[2016-10-21 08:40:00,2016-10-21 09:00:00)",700.79,2016-10-21 08:40:00,2016-10-21 06:00:00,1004.1,1009.1,335.0,3.1,21.4,98.0,0.5
111,A,3,"[2016-10-21 08:00:00,2016-10-21 08:20:00)",501.64,2016-10-21 08:00:00,2016-10-21 06:00:00,1004.1,1009.1,335.0,3.1,21.4,98.0,0.5
112,A,3,"[2016-10-21 08:20:00,2016-10-21 08:40:00)",525.49,2016-10-21 08:20:00,2016-10-21 06:00:00,1004.1,1009.1,335.0,3.1,21.4,98.0,0.5
113,A,3,"[2016-10-21 08:40:00,2016-10-21 09:00:00)",137.07,2016-10-21 08:40:00,2016-10-21 06:00:00,1004.1,1009.1,335.0,3.1,21.4,98.0,0.5
114,B,1,"[2016-10-21 08:00:00,2016-10-21 08:20:00)",694.67,2016-10-21 08:00:00,2016-10-21 06:00:00,1004.1,1009.1,335.0,3.1,21.4,98.0,0.5
115,B,1,"[2016-10-21 08:20:00,2016-10-21 08:40:00)",70.78,2016-10-21 08:20:00,2016-10-21 06:00:00,1004.1,1009.1,335.0,3.1,21.4,98.0,0.5
116,B,1,"[2016-10-21 08:40:00,2016-10-21 09:00:00)",217.8,2016-10-21 08:40:00,2016-10-21 06:00:00,1004.1,1009.1,335.0,3.1,21.4,98.0,0.5
117,B,3,"[2016-10-21 08:00:00,2016-10-21 08:20:00)",198.67,2016-10-21 08:00:00,2016-10-21 06:00:00,1004.1,1009.1,335.0,3.1,21.4,98.0,0.5
118,B,3,"[2016-10-21 08:20:00,2016-10-21 08:40:00)",388.3,2016-10-21 08:20:00,2016-10-21 06:00:00,1004.1,1009.1,335.0,3.1,21.4,98.0,0.5
119,B,3,"[2016-10-21 08:40:00,2016-10-21 09:00:00)",56.87,2016-10-21 08:40:00,2016-10-21 06:00:00,1004.1,1009.1,335.0,3.1,21.4,98.0,0.5
120,C,1,"[2016-10-21 08:00:00,2016-10-21 08:20:00)",587.35,2016-10-21 08:00:00,2016-10-21 06:00:00,1004.1,1009.1,335.0,3.1,21.4,98.0,0.5
121,C,1,"[2016-10-21 08:20:00,2016-10-21 08:40:00)",486.68,2016-10-21 08:20:00,2016-10-21 06:00:00,1004.1,1009.1,335.0,3.1,21.4,98.0,0.5
122,C,1,"[2016-10-21 08:40:00,2016-10-21 09:00:00)",456.76,2016-10-21 08:40:00,2016-10-21 06:00:00,1004.1,1009.1,335.0,3.1,21.4,98.0,0.5
123,C,3,"[2016-10-21 08:00:00,2016-10-21 08:20:00)",280.07,2016-10-21 08:00:00,2016-10-21 06:00:00,1004.1,1009.1,335.0,3.1,21.4,98.0,0.5
124,C,3,"[2016-10-21 08:20:00,2016-10-21 08:40:00)",85.43,2016-10-21 08:20:00,2016-10-21 06:00:00,1004.1,1009.1,335.0,3.1,21.4,98.0,0.5
125,C,3,"[2016-10-21 08:40:00,2016-10-21 09:00:00)",400.74,2016-10-21 08:40:00,2016-10-21 06:00:00,1004.1,1009.1,335.0,3.1,21.4,98.0,0.5
126,A,2,"[2016-10-21 09:00:00,2016-10-21 09:20:00)",416.49,2016-10-21 09:00:00,2016-10-21 09:00:00,1004.3,1009.3,340.0,2.8,21.2,98.0,0.0
127,A,2,"[2016-10-21 09:20:00,2016-10-21 09:40:00)",248.9,2016-10-21 09:20:00,2016-10-21 09:00:00,1004.3,1009.3,340.0,2.8,21.2,98.0,0.0
128,A,2,"[2016-10-21 09:40:00,2016-10-21 10:00:00)",673.67,2016-10-21 09:40:00,2016-10-21 09:00:00,1004.3,1009.3,340.0,2.8,21.2,98.0,0.0
129,A,3,"[2016-10-21 09:00:00,2016-10-21 09:20:00)",758.6,2016-10-21 09:00:00,2016-10-21 09:00:00,1004.3,1009.3,340.0,2.8,21.2,98.0,0.0
130,A,3,"[2016-10-21 09:20:00,2016-10-21 09:40:00)",441.29,2016-10-21 09:20:00,2016-10-21 09:00:00,1004.3,1009.3,340.0,2.8,21.2,98.0,0.0
131,A,3,"[2016-10-21 09:40:00,2016-10-21 10:00:00)",32.53,2016-10-21 09:40:00,2016-10-21 09:00:00,1004.3,1009.3,340.0,2.8,21.2,98.0,0.0
132,B,1,"[2016-10-21 09:00:00,2016-10-21 09:20:00)",295.28,2016-10-21 09:00:00,2016-10-21 09:00:00,1004.3,1009.3,340.0,2.8,21.2,98.0,0.0
133,B,1,"[2016-10-21 09:20:00,2016-10-21 09:40:00)",241.35,2016-10-21 09:20:00,2016-10-21 09:00:00,1004.3,1009.3,340.0,2.8,21.2,98.0,0.0
134,B,1,"[2016-10-21 09:40:00,2016-10-21 10:00:00)",598.35,2016-10-21 09:40:00,2016-10-21 09:00:00,1004.3,1009.3,340.0,2.8,21.2,98.0,0.0
135,B,3,"[2016-10-21 09:00:00,2016-10-21 09:20:00)",558.48,2016-10-21 09:00:00,2016-10-21 09:00:00,1004.3,1009.3,340.0,2.8,21.2,98.0,0.0
136,B,3,"[2016-10-21 09:20:00,2016-10-21 09:40:00)",767.7,2016-10-21 09:20:00,2016-10-21 09:00:00,1004.3,1009.3,340.0,2.8,21.2,98.0,0.0
137,B,3,"[2016-10-21 09:40:00,2016-10-21 10:00:00)",95.07,2016-10-21 09:40:00,2016-10-21 09:00:00,1004.3,1009.3,340.0,2.8,21.2,98.0,0.0
138,C,1,"[2016-10-21 09:00:00,2016-10-21 09:20:00)",782.89,2016-10-21 09:00:00,2016-10-21 09:00:00,1004.3,1009.3,340.0,2.8,21.2,98.0,0.0
139,C,1,"[2016-10-21 09:20:00,2016-10-21 09:40:00)",25.88,2016-10-21 09:20:00,2016-10-21 09:00:00,1004.3,1009.3,340.0,2.8,21.2,98.0,0.0
140,C,1,"[2016-10-21 09:40:00,2016-10-21 10:00:00)",141.48,2016-10-21 09:40:00,2016-10-21 09:00:00,1004.3,1009.3,340.0,2.8,21.2,98.0,0.0
141,C,3,"[2016-10-21 09:00:00,2016-10-21 09:20:00)",265.36,2016-10-21 09:00:00,2016-10-21 09:00:00,1004.3,1009.3,340.0,2.8,21.2,98.0,0.0
142,C,3,"[2016-10-21 09:20:00,2016-10-21 09:40:00)",270.83,2016-10-21 09:20:00,2016-10-21 09:00:00,1004.3,1009.3,340.0,2.8,21.2,98.0,0.0
143,C,3,"[2016-10-21 09:40:00,2016-10-21 10:00:00)",413.07,2016-10-21 09:40:00,2016-10-21 09:00:00,1004.3,1009.3,340.0,2.8,21.2,98.0,0.0
144,A,2,"[2016-10-22 08:00:00,2016-10-22 08:20:00)",574.81,2016-10-22 08:00:00,2016-10-22 06:00:00,1000.2,1005.1,86.0,2.9,22.6,96.0,0.1
145,A,2,"[2016-10-22 08:20:00,2016-10-22 08:40:00)",621.6,2016-10-22 08:20:00,2016-10-22 06:00:00,1000.2,1005.1,86.0,2.9,22.6,96.0,0.1
146,A,2,"[2016-10-22 08:40:00,2016-10-22 09:00:00)",638.73,2016-10-22 08:40:00,2016-10-22 06:00:00,1000.2,1005.1,86.0,2.9,22.6,96.0,0.1
147,A,3,"[2016-10-22 08:00:00,2016-10-22 08:20:00)",443.47,2016-10-22 08:00:00,2016-10-22 06:00:00,1000.2,1005.1,86.0,2.9,22.6,96.0,0.1
148,A,3,"[2016-10-22 08:20:00,2016-10-22 08:40:00)",244.97,2016-10-22 08:20:00,2016-10-22 06:00:00,1000.2,1005.1,86.0,2.9,22.6,96.0,0.1
149,A,3,"[2016-10-22 08:40:00,2016-10-22 09:00:00)",131.41,2016-10-22 08:40:00,2016-10-22 06:00:00,1000.2,1005.1,86.0,2.9,22.6,96.0,0.1
150,B,1,"[2016-10-22 08:00:00,2016-10-22 08:20:00)",353.56,2016-10-22 08:00:00,2016-10-22 06:00:00,1000.2,1005.1,86.0,2.9,22.6,96.0,0.1
151,B,1,"[2016-10-22 08:20:00,2016-10-22 08:40:00)",35.91,2016-10-22 08:20:00,2016-10-22 06:00:00,1000.2,1005.1,86.0,2.9,22.6,96.0,0.1
152,B,1,"[2016-10-22 08:40:00,2016-10-22 09:00:00)",507.65,2016-10-22 08:40:00,2016-10-22 06:00:00,1000.2,1005.1,86.0,2.9,22.6,96.0,0.1
153,B,3,"[2016-10-22 08:00:00,2016-10-22 08:20:00)",265.24,2016-10-22 08:00:00,2016-10-22 06:00:00,1000.2,1005.1,86.0,2.9,22.6,96.0,0.1
154,B,3,"[2016-10-22 08:20:00,2016-10-22 08:40:00)",540.53,2016-10-22 08:20:00,2016-10-22 06:00:00,1000.2,1005.1,86.0,2.9,22.6,96.0,0.1
155,B,3,"[2016-10-22 08:40:00,2016-10-22 09:00:00)",236.79,2016-10-22 08:40:00,2016-10-22 06:00:00,1000.2,1005.1,86.0,2.9,22.6,96.0,0.1
156,C,1,"[2016-10-22 08:00:00,2016-10-22 08:20:00)",193.04,2016-10-22 08:00:00,2016-10-22 06:00:00,1000.2,1005.1,86.0,2.9,22.6,96.0,0.1
157,C,1,"[2016-10-22 08:20:00,2016-10-22 08:40:00)",645.46,2016-10-22 08:20:00,2016-10-22 06:00:00,1000.2,1005.1,86.0,2.9,22.6,96.0,0.1
158,C,1,"[2016-10-22 08:40:00,2016-10-22 09:00:00)",287.92,2016-10-22 08:40:00,2016-10-22 06:00:00,1000.2,1005.1,86.0,2.9,22.6,96.0,0.1
159,C,3,"[2016-10-22 08:00:00,2016-10-22 08:20:00)",475.47,2016-10-22 08:00:00,2016-10-22 06:00:00,1000.2,1005.1,86.0,2.9,22.6,96.0,0.1
160,C,3,"[2016-10-22 08:20:00,2016-10-22 08:40:00)",238.54,2016-10-22 08:20:00,2016-10-22 06:00:00,1000.2,1005.1,86.0,2.9,22.6,96.0,0.1
161,C,3,"[2016-10-22 08:40:00,2016-10-22 09:00:00)",224.05,2016-10-22 08:40:00,2016-10-22 06:00:00,1000.2,1005.1,86.0,2.9,22.6,96.0,0.1
162,A,2,"[2016-10-22 09:00:00,2016-10-22 09:20:00)",640.95,2016-10-22 09:00:00,2016-10-22 09:00:00,999.4,1004.3,117.0,2.0,22.8,97.0,3.1
163,A,2,"[2016-10-22 09:20:00,2016-10-22 09:40:00)",306.12,2016-10-22 09:20:00,2016-10-22 09:00:00,999.4,1004.3,117.0,2.0,22.8,97.0,3.1
164,A,2,"[2016-10-22 09:40:00,2016-10-22 10:00:00)",377.38,2016-10-22 09:40:00,2016-10-22 09:00:00,999.4,1004.3,117.0,2.0,22.8,97.0,3.1
165,A,3,"[2016-10-22 09:00:00,2016-10-22 09:20:00)",641.04,2016-10-22 09:00:00,2016-10-22 09:00:00,999.4,1004.3,117.0,2.0,22.8,97.0,3.1
166,A,3,"[2016-10-22 09:20:00,2016-10-22 09:40:00)",668.38,2016-10-22 09:20:00,2016-10-22 09:00:00,999.4,1004.3,117.0,2.0,22.8,97.0,3.1
167,A,3,"[2016-10-22 09:40:00,2016-10-22 10:00:00)",605.73,2016-10-22 09:40:00,2016-10-22 09:00:00,999.4,1004.3,117.0,2.0,22.8,97.0,3.1
168,B,1,"[2016-10-22 09:00:00,2016-10-22 09:20:00)",111.32,2016-10-22 09:00:00,2016-10-22 09:00:00,999.4,1004.3,117.0,2.0,22.8,97.0,3.1
169,B,1,"[2016-10-22 09:20:00,2016-10-22 09:40:00)",793.58,2016-10-22 09:20:00,2016-10-22 09:00:00,999.4,1004.3,117.0,2.0,22.8,97.0,3.1
170,B,1,"[2016-10-22 09:40:00,2016-10-22 10:00:00)",191.64,2016-10-22 09:40:00,2016-10-22 09:00:00,999.4,1004.3,117.0,2.0,22.8,97.0,3.1
171,B,3,"[2016-10-22 09:00:00,2016-10-22 09:20:00)",359.14,2016-10-22 09:00:00,2016-10-22 09:00:00,999.4,1004.3,117.0,2.0,22.8,97.0,3.1
172,B,3,"[2016-10-22 09:20:00,2016-10-22 09:40:00)",431.05,2016-10-22 09:20:00,2016-10-22 09:00:00,999.4,1004.3,117.0,2.0,22.8,97.0,3.1
173,B,3,"[2016-10-22 09:40:00,2016-10-22 10:00:00)",701.9,2016-10-22 09:40:00,2016-10-22 09:00:00,999.4,1004.3,117.0,2.0,22.8,97.0,3.1
174,C,1,"[2016-10-22 09:00:00,2016-10-22 09:20:00)",277.03,2016-10-22 09:00:00,2016-10-22 09:00:00,999.4,1004.3,117.0,2.0,22.8,97.0,3.1
175,C,1,"[2016-10-22 09:20:00,2016-10-22 09:40:00)",304.77,2016-10-22 09:20:00,2016-10-22 09:00:00,999.4,1004.3,117.0,2.0,22.8,97.0,3.1
176,C,1,"[2016-10-22 09:40:00,2016-10-22 10:00:00)",716.04,2016-10-22 09:40:00,2016-10-22 09:00:00,999.4,1004.3,117.0,2.0,22.8,97.0,3.1
177,C,3,"[2016-10-22 09:00:00,2016-10-22 09:20:00)",163.16,2016-10-22 09:00:00,2016-10-22 09:00:00,999.4,1004.3,117.0,2.0,22.8,97.0,3.1
178,C,3,"[2016-10-22 09:20:00,2016-10-22 09:40:00)",178.43,2016-10-22 09:20:00,2016-10-22 09:00:00,999.4,1004.3,117.0,2.0,22.8,97.0,3.1
179,C,3,"[2016-10-22 09:40:00,2016-10-22 10:00:00)",433.88,2016-10-22 09:40:00,2016-10-22 09:00:00,999.4,1004.3,117.0,2.0,22.8,97.0,3.1
180,A,2,"[2016-10-23 08:00:00,2016-10-23 08:20:00)",730.58,2016-10-23 08:00:00,2016-10-23 06:00:00,1009.1,1014.1,13.0,3.2,20.6,84.0,0.0
181,A,2,"[2016-10-23 08:20:00,2016-10-23 08:40:00)",498.97,2016-10-23 08:20:00,2016-10-23 06:00:00,1009.1,1014.1,13.0,3.2,20.6,84.0,0.0
182,A,2,"[2016-10-23 08:40:00,2016-10-23 09:00:00)",426.61,2016-10-23 08:40:00,2016-10-23 06:00:00,1009.1,1014.1,13.0,3.2,20.6,84.0,0.0
183,A,3,"[2016-10-23 08:00:00,2016-10-23 08:20:00)",74.13,2016-10-23 08:00:00,2016-10-23 06:00:00,1009.1,1014.1,13.0,3.2,20.6,84.0,0.0
184,A,3,"[2016-10-23 08:20:00,2016-10-23 08:40:00)",680.94,2016-10-23 08:20:00,2016-10-23 06:00:00,1009.1,1014.1,13.0,3.2,20.6,84.0,0.0
185,A,3,"[2016-10-23 08:40:00,2016-10-23 09:00:00)",212.75,2016-10-23 08:40:00,2016-10-23 06:00:00,1009.1,1014.1,13.0,3.2,20.6,84.0,0.0
186,B,1,"[2016-10-23 08:00:00,2016-10-23 08:20:00)",32.5,2016-10-23 08:00:00,2016-10-23 06:00:00,1009.1,1014.1,13.0,3.2,20.6,84.0,0.0
187,B,1,"[2016-10-23 08:20:00,2016-10-23 08:40:00)",417.39,2016-10-23 08:20:00,2016-10-23 06:00:00,1009.1,1014.1,13.0,3.2,20.6,84.0,0.0
188,B,1,"[2016-10-23 08:40:00,2016-10-23 09:00:00)",555.48,2016-10-23 08:40:00,2016-10-23 06:00:00,1009.1,1014.1,13.0,3.2,20.6,84.0,0.0
189,B,3,"[2016-10-23 08:00:00,2016-10-23 08:20:00)",417.96,2016-10-23 08:00:00,2016-10-23 06:00:00,1009.1,1014.1,13.0,3.2,20.6,84.0,0.0
190,B,3,"[2016-10-23 08:20:00,2016-10-23 08:40:00)",508.88,2016-10-23 08:20:00,2016-10-23 06:00:00,1009.1,1014.1,13.0,3.2,20.6,84.0,0.0
191,B,3,"[2016-10-23 08:40:00,2016-10-23 09:00:00)",382.88,2016-10-23 08:40:00,2016-10-23 06:00:00,1009.1,1014.1,13.0,3.2,20.6,84.0,0.0
192,C,1,"[2016-10-23 08:00:00,2016-10-23 08:20:00)",582.7,2016-10-23 08:00:00,2016-10-23 06:00:00,1009.1,1014.1,13.0,3.2,20.6,84.0,0.0
193,C,1,"[2016-10-23 08:20:00,2016-10-23 08:40:00)",42.56,2016-10-23 08:20:00,2016-10-23 06:00:00,1009.1,1014.1,13.0,3.2,20.6,84.0,0.0
194,C,1,"[2016-10-23 08:40:00,2016-10-23 09:00:00)",84.35,2016-10-23 08:40:00,2016-10-23 06:00:00,1009.1,1014.1,13.0,3.2,20.6,84.0,0.0
195,C,3,"[2016-10-23 08:00:00,2016-10-23 08:20:00)",738.15,2016-10-23 08:00:00,2016-10-23 06:00:00,1009.1,1014.1,13.0,3.2,20.6,84.0,0.0
196,C,3,"[2016-10-23 08:20:00,2016-10-23 08:40:00)",422.04,2016-10-23 08:20:00,2016-10-23 06:00:00,1009.1,1014.1,13.0,3.2,20.6,84.0,0.0
197,C,3,"[2016-10-23 08:40:00,2016-10-23 09:00:00)",746.61,2016-10-23 08:40:00,2016-10-23 06:00:00,1009.1,1014.1,13.0,3.2,20.6,84.0,0.0
198,A,2,"[2016-10-23 09:00:00,2016-10-23 09:20:00)",717.12,2016-10-23 09:00:00,2016-10-23 09:00:00,1009.9,1014.9,344.0,1.9,20.4,87.0,0.0
199,A,2,"[2016-10-23 09:20:00,2016-10-23 09:40:00)",474.32,2016-10-23 09:20:00,2016-10-23 09:00:00,1009.9,1014.9,344.0,1.9,20.4,87.0,0.0
200,A,2,"[2016-10-23 09:40:00,2016-10-23 10:00:00)",324.1,2016-10-23 09:40:00,2016-10-23 09:00:00,1009.9,1014.9,344.0,1.9,20.4,87.0,0.0
201,A,3,"[2016-10-23 09:00:00,2016-10-23 09:20:00)",43.47,2016-10-23 09:00:00,2016-10-23 09:00:00,1009.9,1014.9,344.0,1.9,20.4,87.0,0.0
202,A,3,"[2016-10-23 09:20:00,2016-10-23 09:40:00)",415.92,2016-10-23 09:20:00,2016-10-23 09:00:00,1009.9,1014.9,344.0,1.9,20.4,87.0,0.0
203,A,3,"[2016-10-23 09:40:00,2016-10-23 10:00:00)",709.27,2016-10-23 09:40:00,2016-10-23 09:00:00,1009.9,1014.9,344.0,1.9,20.4,87.0,0.0
204,B,1,"[2016-10-23 09:00:00,2016-10-23 09:20:00)",347.68,2016-10-23 09:00:00,2016-10-23 09:00:00,1009.9,1014.9,344.0,1.9,20.4,87.0,0.0
205,B,1,"[2016-10-23 09:20:00,2016-10-23 09:40:00)",772.43,2016-10-23 09:20:00,2016-10-23 09:00:00,1009.9,1014.9,344.0,1.9,20.4,87.0,0.0
206,B,1,"[2016-10-23 09:40:00,2016-10-23 10:00:00)",108.72,2016-10-23 09:40:00,2016-10-23 09:00:00,1009.9,1014.9,344.0,1.9,20.4,87.0,0.0
207,B,3,"[2016-10-23 09:00:00,2016-10-23 09:20:00)",496.56,2016-10-23 09:00:00,2016-10-23 09:00:00,1009.9,1014.9,344.0,1.9,20.4,87.0,0.0
208,B,3,"[2016-10-23 09:20:00,2016-10-23 09:40:00)",193.15,2016-10-23 09:20:00,2016-10-23 09:00:00,1009.9,1014.9,344.0,1.9,20.4,87.0,0.0
209,B,3,"[2016-10-23 09:40:00,2016-10-23 10:00:00)",254.65,2016-10-23 09:40:00,2016-10-23 09:00:00,1009.9,1014.9,344.0,1.9,20.4,87.0,0.0
210,C,1,"[2016-10-23 09:00:00,2016-10-23 09:20:00)",551.28,2016-10-23 09:00:00,2016-10-23 09:00:00,1009.9,1014.9,344.0,1.9,20.4,87.0,0.0
211,C,1,"[2016-10-23 09:20:00,2016-10-23 09:40:00)",799.81,2016-10-23 09:20:00,2016-10-23 09:00:00,1009.9,1014.9,344.0,1.9,20.4,87.0,0.0
212,C,1,"[2016-10-23 09:40:00,2016-10-23 10:00:00)",707.39,2016-10-23 09:40:00,2016-10-23 09:00:00,1009.9,1014.9,344.0,1.9,20.4,87.0,0.0
213,C,3,"[2016-10-23 09:00:00,2016-10-23 09:20:00)",218.58,2016-10-23 09:00:00,2016-10-23 09:00:00,1009.9,1014.9,344.0,1.9,20.4,87.0,0.0
214,C,3,"[2016-10-23 09:20:00,2016-10-23 09:40:00)",351.59,2016-10-23 09:20:00,2016-10-23 09:00:00,1009.9,1014.9,344.0,1.9,20.4,87.0,0.0
215,C,3,"[2016-10-23 09:40:00,2016-10-23 10:00:00)",208.77,2016-10-23 09:40:00,2016-10-23 09:00:00,1009.9,1014.9,344.0,1.9,20.4,87.0,0.0
216,A,2,"[2016-10-24 08:00:00,2016-10-24 08:20:00)",767.0,2016-10-24 08:00:00,2016-10-24 06:00:00,1007.7,1012.7,175.0,1.4,24.5,68.0,0.0
217,A,2,"[2016-10-24 08:20:00,2016-10-24 08:40:00)",164.69,2016-10-24 08:20:00,2016-10-24 06:00:00,1007.7,1012.7,175.0,1.4,24.5,68.0,0.0
218,A,2,"[2016-10-24 08:40:00,2016-10-24 09:00:00)",408.97,2016-10-24 08:40:00,2016-10-24 06:00:00,1007.7,1012.7,175.0,1.4,24.5,68.0,0.0
219,A,3,"[2016-10-24 08:00:00,2016-10-24 08:20:00)",43.57,2016-10-24 08:00:00,2016-10-24 06:00:00,1007.7,1012.7,175.0,1.4,24.5,68.0,0.0
220,A,3,"[2016-10-24 08:20:00,2016-10-24 08:40:00)",227.41,2016-10-24 08:20:00,2016-10-24 06:00:00,1007.7,1012.7,175.0,1.4,24.5,68.0,0.0
221,A,3,"[2016-10-24 08:40:00,2016-10-24 09:00:00)",272.43,2016-10-24 08:40:00,2016-10-24 06:00:00,1007.7,1012.7,175.0,1.4,24.5,68.0,0.0
222,B,1,"[2016-10-24 08:00:00,2016-10-24 08:20:00)",94.13,2016-10-24 08:00:00,2016-10-24 06:00:00,1007.7,1012.7,175.0,1.4,24.5,68.0,0.0
223,B,1,"[2016-10-24 08:20:00,2016-10-24 08:40:00)",682.39,2016-10-24 08:20:00,2016-10-24 06:00:00,1007.7,1012.7,175.0,1.4,24.5,68.0,0.0
224,B,1,"[2016-10-24 08:40:00,2016-10-24 09:00:00)",535.87,2016-10-24 08:40:00,2016-10-24 06:00:00,1007.7,1012.7,175.0,1.4,24.5,68.0,0.0
225,B,3,"[2016-10-24 08:00:00,2016-10-24 08:20:00)",475.94,2016-10-24 08:00:00,2016-10-24 06:00:00,1007.7,1012.7,175.0,1.4,24.5,68.0,0.0
226,B,3,"[2016-10-24 08:20:00,2016-10-24 08:40:00)",473.15,2016-10-24 08:20:00,2016-10-24 06:00:00,1007.7,1012.7,175.0,1.4,24.5,68.0,0.0
227,B,3,"[2016-10-24 08:40:00,2016-10-24 09:00:00)",681.65,2016-10-24 08:40:00,2016-10-24 06:00:00,1007.7,1012.7,175.0,1.4,24.5,68.0,0.0
228,C,1,"[2016-10-24 08:00:00,2016-10-24 08:20:00)",756.98,2016-10-24 08:00:00,2016-10-24 06:00:00,1007.7,1012.7,175.0,1.4,24.5,68.0,0.0
229,C,1,"[2016-10-24 08:20:00,2016-10-24 08:40:00)",432.67,2016-10-24 08:20:00,2016-10-24 06:00:00,1007.7,1012.7,175.0,1.4,24.5,68.0,0.0
230,C,1,"[2016-10-24 08:40:00,2016-10-24 09:00:00)",191.97,2016-10-24 08:40:00,2016-10-24 06:00:00,1007.7,1012.7,175.0,1.4,24.5,68.0,0.0
231,C,3,"[2016-10-24 08:00:00,2016-10-24 08:20:00)",133.1,2016-10-24 08:00:00,2016-10-24 06:00:00,1007.7,1012.7,175.0,1.4,24.5,68.0,0.0
232,C,3,"[2016-10-24 08:20:00,2016-10-24 08:40:00)",510.39,2016-10-24 08:20:00,2016-10-24 06:00:00,1007.7,1012.7,175.0,1.4,24.5,68.0,0.0
233,C,3,"[2016-10-24 08:40:00,2016-10-24 09:00:00)",514.81,2016-10-24 08:40:00,2016-10-24 06:00:00,1007.7,1012.7,175.0,1.4,24.5,68.0,0.0
234,A,2,"[2016-10-24 09:00:00,2016-10-24 09:20:00)",546.08,2016-10-24 09:00:00,2016-10-24 09:00:00,1007.3,1012.3,133.0,0.9,23.5,79.0,0.0
235,A,2,"[2016-10-24 09:20:00,2016-10-24 09:40:00)",314.55,2016-10-24 09:20:00,2016-10-24 09:00:00,1007.3,1012.3,133.0,0.9,23.5,79.0,0.0
236,A,2,"[2016-10-24 09:40:00,2016-10-24 10:00:00)",738.45,2016-10-24 09:40:00,2016-10-24 09:00:00,1007.3,1012.3,133.0,0.9,23.5,79.0,0.0
237,A,3,"[2016-10-24 09:00:00,2016-10-24 09:20:00)",283.76,2016-10-24 09:00:00,2016-10-24 09:00:00,1007.3,1012.3,133.0,0.9,23.5,79.0,0.0
238,A,3,"[2016-10-24 09:20:00,2016-10-24 09:40:00)",547.64,2016-10-24 09:20:00,2016-10-24 09:00:00,1007.3,1012.3,133.0,0.9,23.5,79.0,0.0
239,A,3,"[2016-10-24 09:40:00,2016-10-24 10:00:00)",157.63,2016-10-24 09:40:00,2016-10-24 09:00:00,1007.3,1012.3,133.0,0.9,23.5,79.0,0.0
240,B,1,"[2016-10-24 09:00:00,2016-10-24 09:20:00)",530.35,2016-10-24 09:00:00,2016-10-24 09:00:00,1007.3,1012.3,133.0,0.9,23.5,79.0,0.0
241,B,1,"[2016-10-24 09:20:00,2016-10-24 09:40:00)",680.03,2016-10-24 09:20:00,2016-10-24 09:00:00,1007.3,1012.3,133.0,0.9,23.5,79.0,0.0
242,B,1,"[2016-10-24 09:40:00,2016-10-24 10:00:00)",647.68,2016-10-24 09:40:00,2016-10-24 09:00:00,1007.3,1012.3,133.0,0.9,23.5,79.0,0.0
243,B,3,"[2016-10-24 09:00:00,2016-10-24 09:20:00)",707.82,2016-10-24 09:00:00,2016-10-24 09:00:00,1007.3,1012.3,133.0,0.9,23.5,79.0,0.0
244,B,3,"[2016-10-24 09:20:00,2016-10-24 09:40:00)",705.68,2016-10-24 09:20:00,2016-10-24 09:00:00,1007.3,1012.3,133.0,0.9,23.5,79.0,0.0
245,B,3,"[2016-10-24 09:40:00,2016-10-24 10:00:00)",104.19,2016-10-24 09:40:00,2016-10-24 09:00:00,1007.3,1012.3,133.0,0.9,23.5,79.0,0.0
246,C,1,"[2016-10-24 09:00:00,2016-10-24 09:20:00)",390.39,2016-10-24 09:00:00,2016-10-24 09:00:00,1007.3,1012.3,133.0,0.9,23.5,79.0,0.0
247,C,1,"[2016-10-24 09:20:00,2016-10-24 09:40:00)",436.55,2016-10-24 09:20:00,2016-10-24 09:00:00,1007.3,1012.3,133.0,0.9,23.5,79.0,0.0
248,C,1,"[2016-10-24 09:40:00,2016-10-24 10:00:00)",366.95,2016-10-24 09:40:00,2016-10-24 09:00:00,1007.3,1012.3,133.0,0.9,23.5,79.0,0.0
249,C,3,"[2016-10-24 09:00:00,2016-10-24 09:20:00)",456.04,2016-10-24 09:00:00,2016-10-24 09:00:00,1007.3,1012.3,133.0,0.9,23.5,79.0,0.0
250,C,3,"[2016-10-24 09:20:00,2016-10-24 09:40:00)",748.23,2016-10-24 09:20:00,2016-10-24 09:00:00,1007.3,1012.3,133.0,0.9,23.5,79.0,0.0
251,C,3,"[2016-10-24 09:40:00,2016-10-24 10:00:00)",351.58,2016-10-24 09:40:00,2016-10-24 09:00:00,1007.3,1012.3,133.0,0.9,23.5,79.0,0.0
252,A,2,"[2016-10-18 17:00:00,2016-10-18 17:20:00)",20.49,2016-10-18 17:00:00,2016-10-18 15:00:00,1013.7,1018.7,90.0,1.9,20.1,95.0,0.1
253,A,2,"[2016-10-18 17:20:00,2016-10-18 17:40:00)",156.09,2016-10-18 17:20:00,2016-10-18 15:00:00,1013.7,1018.7,90.0,1.9,20.1,95.0,0.1
254,A,2,"[2016-10-18 17:40:00,2016-10-18 18:00:00)",761.02,2016-10-18 17:40:00,2016-10-18 15:00:00,1013.7,1018.7,90.0,1.9,20.1,95.0,0.1
255,A,3,"[2016-10-18 17:00:00,2016-10-18 17:20:00)",56.41,2016-10-18 17:00:00,2016-10-18 15:00:00,1013.7,1018.7,90.0,1.9,20.1,95.0,0.1
256,A,3,"[2016-10-18 17:20:00,2016-10-18 17:40:00)",178.66,2016-10-18 17:20:00,2016-10-18 15:00:00,1013.7,1018.7,90.0,1.9,20.1,95.0,0.1
257,A,3,"[2016-10-18 17:40:00,2016-10-18 18:00:00)",166.32,2016-10-18 17:40:00,2016-10-18 15:00:00,1013.7,1018.7,90.0,1.9,20.1,95.0,0.1
258,B,1,"[2016-10-18 17:00:00,2016-10-18 17:20:00)",714.16,2016-10-18 17:00:00,2016-10-18 15:00:00,1013.7,1018.7,90.0,1.9,20.1,95.0,0.1
259,B,1,"[2016-10-18 17:20:00,2016-10-18 17:40:00)",55.88,2016-10-18 17:20:00,2016-10-18 15:00:00,1013.7,1018.7,90.0,1.9,20.1,95.0,0.1
260,B,1,"[2016-10-18 17:40:00,2016-10-18 18:00:00)",362.13,2016-10-18 17:40:00,2016-10-18 15:00:00,1013.7,1018.7,90.0,1.9,20.1,95.0,0.1
261,B,3,"[2016-10-18 17:00:00,2016-10-18 17:20:00)",451.15,2016-10-18 17:00:00,2016-10-18 15:00:00,1013.7,1018.7,90.0,1.9,20.1,95.0,0.1
262,B,3,"[2016-10-18 17:20:00,2016-10-18 17:40:00)",57.81,2016-10-18 17:20:00,2016-10-18 15:00:00,1013.7,1018.7,90.0,1.9,20.1,95.0,0.1
263,B,3,"[2016-10-18 17:40:00,2016-10-18 18:00:00)",718.31,2016-10-18 17:40:00,2016-10-18 15:00:00,1013.7,1018.7,90.0,1.9,20.1,95.0,0.1
264,C,1,"[2016-10-18 17:00:00,2016-10-18 17:20:00)",82.85,2016-10-18 17:00:00,2016-10-18 15:00:00,1013.7,1018.7,90.0,1.9,20.1,95.0,0.1
265,C,1,"[2016-10-18 17:20:00,2016-10-18 17:40:00)",53.57,2016-10-18 17:20:00,2016-10-18 15:00:00,1013.7,1018.7,90.0,1.9,20.1,95.0,0.1
266,C,1,"[2016-10-18 17:40:00,2016-10-18 18:00:00)",291.74,2016-10-18 17:40:00,2016-10-18 15:00:00,1013.7,1018.7,90.0,1.9,20.1,95.0,0.1
267,C,3,"[2016-10-18 17:00:00,2016-10-18 17:20:00)",232.39,2016-10-18 17:00:00,2016-10-18 15:00:00,1013.7,1018.7,90.0,1.9,20.1,95.0,0.1
268,C,3,"[2016-10-18 17:20:00,2016-10-18 17:40:00)",207.16,2016-10-18 17:20:00,2016-10-18 15:00:00,1013.7,1018.7,90.0,1.9,20.1,95.0,0.1
269,C,3,"[2016-10-18 17:40:00,2016-10-18 18:00:00)",788.3,2016-10-18 17:40:00,2016-10-18 15:00:00,1013.7,1018.7,90.0,1.9,20.1,95.0,0.1
270,A,2,"[2016-10-18 18:00:00,2016-10-18 18:20:00)",142.47,2016-10-18 18:00:00,2016-10-18 18:00:00,1012.1,1017.1,125.0,2.3,20.0,96.0,1.3
271,A,2,"[2016-10-18 18:20:00,2016-10-18 18:40:00)",325.15,2016-10-18 18:20:00,2016-10-18 18:00:00,1012.1,1017.1,125.0,2.3,20.0,96.0,1.3
272,A,2,"[2016-10-18 18:40:00,2016-10-18 19:00:00)",530.13,2016-10-18 18:40:00,2016-10-18 18:00:00,1012.1,1017.1,125.0,2.3,20.0,96.0,1.3
273,A,3,"[2016-10-18 18:00:00,2016-10-18 18:20:00)",346.05,2016-10-18 18:00:00,2016-10-18 18:00:00,1012.1,1017.1,125.0,2.3,20.0,96.0,1.3
274,A,3,"[2016-10-18 18:20:00,2016-10-18 18:40:00)",702.28,2016-10-18 18:20:00,2016-10-18 18:00:00,1012.1,1017.1,125.0,2.3,20.0,96.0,1.3
275,A,3,"[2016-10-18 18:40:00,2016-10-18 19:00:00)",706.15,2016-10-18 18:40:00,2016-10-18 18:00:00,1012.1,1017.1,125.0,2.3,20.0,96.0,1.3
276,B,1,"[2016-10-18 18:00:00,2016-10-18 18:20:00)",780.64,2016-10-18 18:00:00,2016-10-18 18:00:00,1012.1,1017.1,125.0,2.3,20.0,96.0,1.3
277,B,1,"[2016-10-18 18:20:00,2016-10-18 18:40:00)",471.46,2016-10-18 18:20:00,2016-10-18 18:00:00,1012.1,1017.1,125.0,2.3,20.0,96.0,1.3
278,B,1,"[2016-10-18 18:40:00,2016-10-18 19:00:00)",420.07,2016-10-18 18:40:00,2016-10-18 18:00:00,1012.1,1017.1,125.0,2.3,20.0,96.0,1.3
279,B,3,"[2016-10-18 18:00:00,2016-10-18 18:20:00)",767.73,2016-10-18 18:00:00,2016-10-18 18:00:00,1012.1,1017.1,125.0,2.3,20.0,96.0,1.3
280,B,3,"[2016-10-18 18:20:00,2016-10-18 18:40:00)",782.26,2016-10-18 18:20:00,2016-10-18 18:00:00,1012.1,1017.1,125.0,2.3,20.0,96.0,1.3
281,B,3,"[2016-10-18 18:40:00,2016-10-18 19:00:00)",298.89,2016-10-18 18:40:00,2016-10-18 18:00:00,1012.1,1017.1,125.0,2.3,20.0,96.0,1.3
282,C,1,"[2016-10-18 18:00:00,2016-10-18 18:20:00)",692.04,2016-10-18 18:00:00,2016-10-18 18:00:00,1012.1,1017.1,125.0,2.3,20.0,96.0,1.3
283,C,1,"[2016-10-18 18:20:00,2016-10-18 18:40:00)",391.05,2016-10-18 18:20:00,2016-10-18 18:00:00,1012.1,1017.1,125.0,2.3,20.0,96.0,1.3
284,C,1,"[2016-10-18 18:40:00,2016-10-18 19:00:00)",789.64,2016-10-18 18:40:00,2016-10-18 18:00:00,1012.1,1017.1,125.0,2.3,20.0,96.0,1.3
285,C,3,"[2016-10-18 18:00:00,2016-10-18 18:20:00)",313.43,2016-10-18 18:00:00,2016-10-18 18:00:00,1012.1,1017.1,125.0,2.3,20.0,96.0,1.3
286,C,3,"[2016-10-18 18:20:00,2016-10-18 18:40:00)",344.35,2016-10-18 18:20:00,2016-10-18 18:00:00,1012.1,1017.1,125.0,2.3,20.0,96.0,1.3
287,C,3,"[2016-10-18 18:40:00,2016-10-18 19:00:00)",728.6,2016-10-18 18:40:00,2016-10-18 18:00:00,1012.1,1017.1,125.0,2.3,20.0,96.0,1.3
288,A,2,"[2016-10-19 17:00:00,2016-10-19 17:20:00)",332.83,2016-10-19 17:00:00,2016-10-19 15:00:00,1011.6,1016.6,61.0,1.2,20.6,96.0,1.5
289,A,2,"[2016-10-19 17:20:00,2016-10-19 17:40:00)",379.1,2016-10-19 17:20:00,2016-10-19 15:00:00,1011.6,1016.6,61.0,1.2,20.6,96.0,1.5
290,A,2,"[2016-10-19 17:40:00,2016-10-19 18:00:00)",116.41,2016-10-19 17:40:00,2016-10-19 15:00:00,1011.6,1016.6,61.0,1.2,20.6,96.0,1.5
291,A,3,"[2016-10-19 17:00:00,2016-10-19 17:20:00)",505.03,2016-10-19 17:00:00,2016-10-19 15:00:00,1011.6,1016.6,61.0,1.2,20.6,96.0,1.5
292,A,3,"[2016-10-19 17:20:00,2016-10-19 17:40:00)",309.08,2016-10-19 17:20:00,2016-10-19 15:00:00,1011.6,1016.6,61.0,1.2,20.6,96.0,1.5
293,A,3,"[2016-10-19 17:40:00,2016-10-19 18:00:00)",567.6,2016-10-19 17:40:00,2016-10-19 15:00:00,1011.6,1016.6,61.0,1.2,20.6,96.0,1.5
294,B,1,"[2016-10-19 17:00:00,2016-10-19 17:20:00)",656.27,2016-10-19 17:00:00,2016-10-19 15:00:00,1011.6,1016.6,61.0,1.2,20.6,96.0,1.5
295,B,1,"[2016-10-19 17:20:00,2016-10-19 17:40:00)",242.04,2016-10-19 17:20:00,2016-10-19 15:00:00,1011.6,1016.6,61.0,1.2,20.6,96.0,1.5
296,B,1,"[2016-10-19 17:40:00,2016-10-19 18:00:00)",41.13,2016-10-19 17:40:00,2016-10-19 15:00:00,1011.6,1016.6,61.0,1.2,20.6,96.0,1.5
297,B,3,"[2016-10-19 17:00:00,2016-10-19 17:20:00)",385.67,2016-10-19 17:00:00,2016-10-19 15:00:00,1011.6,1016.6,61.0,1.2,20.6,96.0,1.5
298,B,3,"[2016-10-19 17:20:00,2016-10-19 17:40:00)",99.01,2016-10-19 17:20:00,2016-10-19 15:00:00,1011.6,1016.6,61.0,1.2,20.6,96.0,1.5
299,B,3,"[2016-10-19 17:40:00,2016-10-19 18:00:00)",680.96,2016-10-19 17:40:00,2016-10-19 15:00:00,1011.6,1016.6,61.0,1.2,20.6,96.0,1.5
300,C,1,"[2016-10-19 17:00:00,2016-10-19 17:20:00)",616.21,2016-10-19 17:00:00,2016-10-19 15:00:00,1011.6,1016.6,61.0,1.2,20.6,96.0,1.5
301,C,1,"[2016-10-19 17:20:00,2016-10-19 17:40:00)",627.52,2016-10-19 17:20:00,2016-10-19 15:00:00,1011.6,1016.6,61.0,1.2,20.6,96.0,1.5
302,C,1,"[2016-10-19 17:40:00,2016-10-19 18:00:00)",752.32,2016-10-19 17:40:00,2016-10-19 15:00:00,1011.6,1016.6,61.0,1.2,20.6,96.0,1.5
303,C,3,"[2016-10-19 17:00:00,2016-10-19 17:20:00)",374.33,2016-10-19 17:00:00,2016-10-19 15:00:00,1011.6,1016.6,61.0,1.2,20.6,96.0,1.5
304,C,3,"[2016-10-19 17:20:00,2016-10-19 17:40:00)",610.49,2016-10-19 17:20:00,2016-10-19 15:00:00,1011.6,1016.6,61.0,1.2,20.6,96.0,1.5
305,C,3,"[2016-10-19 17:40:00,2016-10-19 18:00:00)",423.57,2016-10-19 17:40:00,2016-10-19 15:00:00,1011.6,1016.6,61.0,1.2,20.6,96.0,1.5
306,A,2,"[2016-10-19 18:00:00,2016-10-19 18:20:00)",641.31,2016-10-19 18:00:00,2016-10-19 18:00:00,1010.1,1015.1,325.0,0.5,20.7,97.0,0.1
307,A,2,"[2016-10-19 18:20:00,2016-10-19 18:40:00)",186.91,2016-10-19 18:20:00,2016-10-19 18:00:00,1010.1,1015.1,325.0,0.5,20.7,97.0,0.1
308,A,2,"[2016-10-19 18:40:00,2016-10-19 19:00:00)",349.78,2016-10-19 18:40:00,2016-10-19 18:00:00,1010.1,1015.1,325.0,0.5,20.7,97.0,0.1
309,A,3,"[2016-10-19 18:00:00,2016-10-19 18:20:00)",386.02,2016-10-19 18:00:00,2016-10-19 18:00:00,1010.1,1015.1,325.0,0.5,20.7,97.0,0.1
310,A,3,"[2016-10-19 18:20:00,2016-10-19 18:40:00)",236.77,2016-10-19 18:20:00,2016-10-19 18:00:00,1010.1,1015.1,325.0,0.5,20.7,97.0,0.1
311,A,3,"[2016-10-19 18:40:00,2016-10-19 19:00:00)",687.08,2016-10-19 18:40:00,2016-10-19 18:00:00,1010.1,1015.1,325.0,0.5,20.7,97.0,0.1
312,B,1,"[2016-10-19 18:00:00,2016-10-19 18:20:00)",77.63,2016-10-19 18:00:00,2016-10-19 18:00:00,1010.1,1015.1,325.0,0.5,20.7,97.0,0.1
313,B,1,"[2016-10-19 18:20:00,2016-10-19 18:40:00)",168.56,2016-10-19 18:20:00,2016-10-19 18:00:00,1010.1,1015.1,325.0,0.5,20.7,97.0,0.1
314,B,1,"[2016-10-19 18:40:00,2016-10-19 19:00:00)",656.18,2016-10-19 18:40:00,2016-10-19 18:00:00,1010.1,1015.1,325.0,0.5,20.7,97.0,0.1
315,B,3,"[2016-10-19 18:00:00,2016-10-19 18:20:00)",371.43,2016-10-19 18:00:00,2016-10-19 18:00:00,1010.1,1015.1,325.0,0.5,20.7,97.0,0.1
316,B,3,"[2016-10-19 18:20:00,2016-10-19 18:40:00)",198.0,2016-10-19 18:20:00,2016-10-19 18:00:00,1010.1,1015.1,325.0,0.5,20.7,97.0,0.1
317,B,3,"[2016-10-19 18:40:00,2016-10-19 19:00:00)",723.11,2016-10-19 18:40:00,2016-10-19 18:00:00,1010.1,1015.1,325.0,0.5,20.7,97.0,0.1
318,C,1,"[2016-10-19 18:00:00,2016-10-19 18:20:00)",703.93,2016-10-19 18:00:00,2016-10-19 18:00:00,1010.1,1015.1,325.0,0.5,20.7,97.0,0.1
319,C,1,"[2016-10-19 18:20:00,2016-10-19 18:40:00)",116.12,2016-10-19 18:20:00,2016-10-19 18:00:00,1010.1,1015.1,325.0,0.5,20.7,97.0,0.1
320,C,1,"[2016-10-19 18:40:00,2016-10-19 19:00:00)",205.9,2016-10-19 18:40:00,2016-10-19 18:00:00,1010.1,1015.1,325.0,0.5,20.7,97.0,0.1
321,C,3,"[2016-10-19 18:00:00,2016-10-19 18:20:00)",403.44,2016-10-19 18:00:00,2016-10-19 18:00:00,1010.1,1015.1,325.0,0.5,20.7,97.0,0.1
322,C,3,"[2016-10-19 18:20:00,2016-10-19 18:40:00)",631.39,2016-10-19 18:20:00,2016-10-19 18:00:00,1010.1,1015.1,325.0,0.5,20.7,97.0,0.1
323,C,3,"[2016-10-19 18:40:00,2016-10-19 19:00:00)",224.41,2016-10-19 18:40:00,2016-10-19 18:00:00,1010.1,1015.1,325.0,0.5,20.7,97.0,0.1
324,A,2,"[2016-10-20 17:00:00,2016-10-20 17:20:00)",516.04,2016-10-20 17:00:00,2016-10-20 15:00:00,1008.5,1013.5,67.0,1.6,21.5,96.0,1.0
325,A,2,"[2016-10-20 17:20:00,2016-10-20 17:40:00)",496.51,2016-10-20 17:20:00,2016-10-20 15:00:00,1008.5,1013.5,67.0,1.6,21.5,96.0,1.0
326,A,2,"[2016-10-20 17:40:00,2016-10-20 18:00:00)",46.76,2016-10-20 17:40:00,2016-10-20 15:00:00,1008.5,1013.5,67.0,1.6,21.5,96.0,1.0
327,A,3,"[2016-10-20 17:00:00,2016-10-20 17:20:00)",461.53,2016-10-20 17:00:00,2016-10-20 15:00:00,1008.5,1013.5,67.0,1.6,21.5,96.0,1.0
328,A,3,"[2016-10-20 17:20:00,2016-10-20 17:40:00)",478.04,2016-10-20 17:20:00,2016-10-20 15:00:00,1008.5,1013.5,67.0,1.6,21.5,96.0,1.0
329,A,3,"[2016-10-20 17:40:00,2016-10-20 18:00:00)",767.95,2016-10-20 17:40:00,2016-10-20 15:00:00,1008.5,1013.5,67.0,1.6,21.5,96.0,1.0
330,B,1,"[2016-10-20 17:00:00,2016-10-20 17:20:00)",175.34,2016-10-20 17:00:00,2016-10-20 15:00:00,1008.5,1013.5,67.0,1.6,21.5,96.0,1.0
331,B,1,"[2016-10-20 17:20:00,2016-10-20 17:40:00)",318.35,2016-10-20 17:20:00,2016-10-20 15:00:00,1008.5,1013.5,67.0,1.6,21.5,96.0,1.0
332,B,1,"[2016-10-20 17:40:00,2016-10-20 18:00:00)",301.3,2016-10-20 17:40:00,2016-10-20 15:00:00,1008.5,1013.5,67.0,1.6,21.5,96.0,1.0
333,B,3,"[2016-10-20 17:00:00,2016-10-20 17:20:00)",596.56,2016-10-20 17:00:00,2016-10-20 15:00:00,1008.5,1013.5,67.0,1.6,21.5,96.0,1.0
334,B,3,"[2016-10-20 17:20:00,2016-10-20 17:40:00)",779.0,2016-10-20 17:20:00,2016-10-20 15:00:00,1008.5,1013.5,67.0,1.6,21.5,96.0,1.0
335,B,3,"[2016-10-20 17:40:00,2016-10-20 18:00:00)",198.16,2016-10-20 17:40:00,2016-10-20 15:00:00,1008.5,1013.5,67.0,1.6,21.5,96.0,1.0
336,C,1,"[2016-10-20 17:00:00,2016-10-20 17:20:00)",505.02,2016-10-20 17:00:00,2016-10-20 15:00:00,1008.5,1013.5,67.0,1.6,21.5,96.0,1.0
337,C,1,"[2016-10-20 17:20:00,2016-10-20 17:40:00)",776.69,2016-10-20 17:20:00,2016-10-20 15:00:00,1008.5,1013.5,67.0,1.6,21.5,96.0,1.0
338,C,1,"[2016-10-20 17:40:00,2016-10-20 18:00:00)",208.18,2016-10-20 17:40:00,2016-10-20 15:00:00,1008.5,1013.5,67.0,1.6,21.5,96.0,1.0
339,C,3,"[2016-10-20 17:00:00,2016-10-20 17:20:00)",657.24,2016-10-20 17:00:00,2016-10-20 15:00:00,1008.5,1013.5,67.0,1.6,21.5,96.0,1.0
340,C,3,"[2016-10-20 17:20:00,2016-10-20 17:40:00)",71.66,2016-10-20 17:20:00,2016-10-20 15:00:00,1008.5,1013.5,67.0,1.6,21.5,96.0,1.0
341,C,3,"[2016-10-20 17:40:00,2016-10-20 18:00:00)",390.83,2016-10-20 17:40:00,2016-10-20 15:00:00,1008.5,1013.5,67.0,1.6,21.5,96.0,1.0
342,A,2,"[2016-10-20 18:00:00,2016-10-20 18:20:00)",550.79,2016-10-20 18:00:00,2016-10-20 18:00:00,1007.3,1012.3,94.0,1.6,21.7,93.0,0.0
343,A,2,"[2016-10-20 18:20:00,2016-10-20 18:40:00)",676.84,2016-10-20 18:20:00,2016-10-20 18:00:00,1007.3,1012.3,94.0,1.6,21.7,93.0,0.0
344,A,2,"[2016-10-20 18:40:00,2016-10-20 19:00:00)",617.07,2016-10-20 18:40:00,2016-10-20 18:00:00,1007.3,1012.3,94.0,1.6,21.7,93.0,0.0
345,A,3,"[2016-10-20 18:00:00,2016-10-20 18:20:00)",336.16,2016-10-20 18:00:00,2016-10-20 18:00:00,1007.3,1012.3,94.0,1.6,21.7,93.0,0.0
346,A,3,"[2016-10-20 18:20:00,2016-10-20 18:40:00)",658.98,2016-10-20 18:20:00,2016-10-20 18:00:00,1007.3,1012.3,94.0,1.6,21.7,93.0,0.0
347,A,3,"[2016-10-20 18:40:00,2016-10-20 19:00:00)",510.57,2016-10-20 18:40:00,2016-10-20 18:00:00,1007.3,1012.3,94.0,1.6,21.7,93.0,0.0
348,B,1,"[2016-10-20 18:00:00,2016-10-20 18:20:00)",794.17,2016-10-20 18:00:00,2016-10-20 18:00:00,1007.3,1012.3,94.0,1.6,21.7,93.0,0.0
349,B,1,"[2016-10-20 18:20:00,2016-10-20 18:40:00)",479.45,2016-10-20 18:20:00,2016-10-20 18:00:00,1007.3,1012.3,94.0,1.6,21.7,93.0,0.0
350,B,1,"[2016-10-20 18:40:00,2016-10-20 19:00:00)",795.9,2016-10-20 18:40:00,2016-10-20 18:00:00,1007.3,1012.3,94.0,1.6,21.7,93.0,0.0
351,B,3,"[2016-10-20 18:00:00,2016-10-20 18:20:00)",701.74,2016-10-20 18:00:00,2016-10-20 18:00:00,1007.3,1012.3,94.0,1.6,21.7,93.0,0.0
352,B,3,"[2016-10-20 18:20:00,2016-10-20 18:40:00)",200.32,2016-10-20 18:20:00,2016-10-20 18:00:00,1007.3,1012.3,94.0,1.6,21.7,93.0,0.0
353,B,3,"[2016-10-20 18:40:00,2016-10-20 19:00:00)",687.43,2016-10-20 18:40:00,2016-10-20 18:00:00,1007.3,1012.3,94.0,1.6,21.7,93.0,0.0
354,C,1,"[2016-10-20 18:00:00,2016-10-20 18:20:00)",126.38,2016-10-20 18:00:00,2016-10-20 18:00:00,1007.3,1012.3,94.0,1.6,21.7,93.0,0.0
355,C,1,"[2016-10-20 18:20:00,2016-10-20 18:40:00)",47.75,2016-10-20 18:20:00,2016-10-20 18:00:00,1007.3,1012.3,94.0,1.6,21.7,93.0,0.0
356,C,1,"[2016-10-20 18:40:00,2016-10-20 19:00:00)",625.13,2016-10-20 18:40:00,2016-10-20 18:00:00,1007.3,1012.3,94.0,1.6,21.7,93.0,0.0
357,C,3,"[2016-10-20 18:00:00,2016-10-20 18:20:00)",559.06,2016-10-20 18:00:00,2016-10-20 18:00:00,1007.3,1012.3,94.0,1.6,21.7,93.0,0.0
358,C,3,"[2016-10-20 18:20:00,2016-10-20 18:40:00)",331.23,2016-10-20 18:20:00,2016-10-20 18:00:00,1007.3,1012.3,94.0,1.6,21.7,93.0,0.0
359,C,3,"[2016-10-20 18:40:00,2016-10-20 19:00:00)",743.05,2016-10-20 18:40:00,2016-10-20 18:00:00,1007.3,1012.3,94.0,1.6,21.7,93.0,0.0
360,A,2,"[2016-10-21 17:00:00,2016-10-21 17:20:00)",774.31,2016-10-21 17:00:00,2016-10-21 15:00:00,1005.8,1010.8,357.0,2.1,21.1,98.0,0.0
361,A,2,"[2016-10-21 17:20:00,2016-10-21 17:40:00)",693.38,2016-10-21 17:20:00,2016-10-21 15:00:00,1005.8,1010.8,357.0,2.1,21.1,98.0,0.0
362,A,2,"[2016-10-21 17:40:00,2016-10-21 18:00:00)",220.94,2016-10-21 17:40:00,2016-10-21 15:00:00,1005.8,1010.8,357.0,2.1,21.1,98.0,0.0
363,A,3,"[2016-10-21 17:00:00,2016-10-21 17:20:00)",681.26,2016-10-21 17:00:00,2016-10-21 15:00:00,1005.8,1010.8,357.0,2.1,21.1,98.0,0.0
364,A,3,"[2016-10-21 17:20:00,2016-10-21 17:40:00)",513.32,2016-10-21 17:20:00,2016-10-21 15:00:00,1005.8,1010.8,357.0,2.1,21.1,98.0,0.0
365,A,3,"[2016-10-21 17:40:00,2016-10-21 18:00:00)",488.85,2016-10-21 17:40:00,2016-10-21 15:00:00,1005.8,1010.8,357.0,2.1,21.1,98.0,0.0
366,B,1,"[2016-10-21 17:00:00,2016-10-21 17:20:00)",492.23,2016-10-21 17:00:00,2016-10-21 15:00:00,1005.8,1010.8,357.0,2.1,21.1,98.0,0.0
367,B,1,"[2016-10-21 17:20:00,2016-10-21 17:40:00)",612.93,2016-10-21 17:20:00,2016-10-21 15:00:00,1005.8,1010.8,357.0,2.1,21.1,98.0,0.0
368,B,1,"[2016-10-21 17:40:00,2016-10-21 18:00:00)",172.9,2016-10-21 17:40:00,2016-10-21 15:00:00,1005.8,1010.8,357.0,2.1,21.1,98.0,0.0
369,B,3,"[2016-10-21 17:00:00,2016-10-21 17:20:00)",780.76,2016-10-21 17:00:00,2016-10-21 15:00:00,1005.8,1010.8,357.0,2.1,21.1,98.0,0.0
370,B,3,"[2016-10-21 17:20:00,2016-10-21 17:40:00)",255.91,2016-10-21 17:20:00,2016-10-21 15:00:00,1005.8,1010.8,357.0,2.1,21.1,98.0,0.0
371,B,3,"[2016-10-21 17:40:00,2016-10-21 18:00:00)",527.4,2016-10-21 17:40:00,2016-10-21 15:00:00,1005.8,1010.8,357.0,2.1,21.1,98.0,0.0
372,C,1,"[2016-10-21 17:00:00,2016-10-21 17:20:00)",278.73,2016-10-21 17:00:00,2016-10-21 15:00:00,1005.8,1010.8,357.0,2.1,21.1,98.0,0.0
373,C,1,"[2016-10-21 17:20:00,2016-10-21 17:40:00)",55.62,2016-10-21 17:20:00,2016-10-21 15:00:00,1005.8,1010.8,357.0,2.1,21.1,98.0,0.0
374,C,1,"[2016-10-21 17:40:00,2016-10-21 18:00:00)",62.47,2016-10-21 17:40:00,2016-10-21 15:00:00,1005.8,1010.8,357.0,2.1,21.1,98.0,0.0
375,C,3,"[2016-10-21 17:00:00,2016-10-21 17:20:00)",297.78,2016-10-21 17:00:00,2016-10-21 15:00:00,1005.8,1010.8,357.0,2.1,21.1,98.0,0.0
376,C,3,"[2016-10-21 17:20:00,2016-10-21 17:40:00)",269.7,2016-10-21 17:20:00,2016-10-21 15:00:00,1005.8,1010.8,357.0,2.1,21.1,98.0,0.0
377,C,3,"[2016-10-21 17:40:00,2016-10-21 18:00:00)",533.29,2016-10-21 17:40:00,2016-10-21 15:00:00,1005.8,1010.8,357.0,2.1,21.1,98.0,0.0
378,A,2,"[2016-10-21 18:00:00,2016-10-21 18:20:00)",554.84,2016-10-21 18:00:00,2016-10-21 18:00:00,1005.3,1010.3,342.0,2.5,21.0,98.0,1.3
379,A,2,"[2016-10-21 18:20:00,2016-10-21 18:40:00)",174.14,2016-10-21 18:20:00,2016-10-21 18:00:00,1005.3,1010.3,342.0,2.5,21.0,98.0,1.3
380,A,2,"[2016-10-21 18:40:00,2016-10-21 19:00:00)",90.09,2016-10-21 18:40:00,2016-10-21 18:00:00,1005.3,1010.3,342.0,2.5,21.0,98.0,1.3
381,A,3,"[2016-10-21 18:00:00,2016-10-21 18:20:00)",576.34,2016-10-21 18:00:00,2016-10-21 18:00:00,1005.3,1010.3,342.0,2.5,21.0,98.0,1.3
382,A,3,"[2016-10-21 18:20:00,2016-10-21 18:40:00)",621.4,2016-10-21 18:20:00,2016-10-21 18:00:00,1005.3,1010.3,342.0,2.5,21.0,98.0,1.3
383,A,3,"[2016-10-21 18:40:00,2016-10-21 19:00:00)",162.99,2016-10-21 18:40:00,2016-10-21 18:00:00,1005.3,1010.3,342.0,2.5,21.0,98.0,1.3
384,B,1,"[2016-10-21 18:00:00,2016-10-21 18:20:00)",389.36,2016-10-21 18:00:00,2016-10-21 18:00:00,1005.3,1010.3,342.0,2.5,21.0,98.0,1.3
385,B,1,"[2016-10-21 18:20:00,2016-10-21 18:40:00)",463.61,2016-10-21 18:20:00,2016-10-21 18:00:00,1005.3,1010.3,342.0,2.5,21.0,98.0,1.3
386,B,1,"[2016-10-21 18:40:00,2016-10-21 19:00:00)",326.32,2016-10-21 18:40:00,2016-10-21 18:00:00,1005.3,1010.3,342.0,2.5,21.0,98.0,1.3
387,B,3,"[2016-10-21 18:00:00,2016-10-21 18:20:00)",255.11,2016-10-21 18:00:00,2016-10-21 18:00:00,1005.3,1010.3,342.0,2.5,21.0,98.0,1.3
388,B,3,"[2016-10-21 18:20:00,2016-10-21 18:40:00)",492.8,2016-10-21 18:20:00,2016-10-21 18:00:00,1005.3,1010.3,342.0,2.5,21.0,98.0,1.3
389,B,3,"[2016-10-21 18:40:00,2016-10-21 19:00:00)",573.41,2016-10-21 18:40:00,2016-10-21 18:00:00,1005.3,1010.3,342.0,2.5,21.0,98.0,1.3
390,C,1,"[2016-10-21 18:00:00,2016-10-21 18:20:00)",236.19,2016-10-21 18:00:00,2016-10-21 18:00:00,1005.3,1010.3,342.0,2.5,21.0,98.0,1.3
391,C,1,"[2016-10-21 18:20:00,2016-10-21 18:40:00)",762.52,2016-10-21 18:20:00,2016-10-21 18:00:00,1005.3,1010.3,342.0,2.5,21.0,98.0,1.3
392,C,1,"[2016-10-21 18:40:00,2016-10-21 19:00:00)",230.61,2016-10-21 18:40:00,2016-10-21 18:00:00,1005.3,1010.3,342.0,2.5,21.0,98.0,1.3
393,C,3,"[2016-10-21 18:00:00,2016-10-21 18:20:00)",611.21,2016-10-21 18:00:00,2016-10-21 18:00:00,1005.3,1010.3,342.0,2.5,21.0,98.0,1.3
394,C,3,"[2016-10-21 18:20:00,2016-10-21 18:40:00)",605.76,2016-10-21 18:20:00,2016-10-21 18:00:00,1005.3,1010.3,342.0,2.5,21.0,98.0,1.3
395,C,3,"[2016-10-21 18:40:00,2016-10-21 19:00:00)",608.09,2016-10-21 18:40:00,2016-10-21 18:00:00,1005.3,1010.3,342.0,2.5,21.0,98.0,1.3
396,A,2,"[2016-10-22 17:00:00,2016-10-22 17:20:00)",224.82,2016-10-22 17:00:00,2016-10-22 15:00:00,1004.0,1009.0,352.0,4.8,20.7,96.0,1.6
397,A,2,"[2016-10-22 17:20:00,2016-10-22 17:40:00)",218.01,2016-10-22 17:20:00,2016-10-22 15:00:00,1004.0,1009.0,352.0,4.8,20.7,96.0,1.6
398,A,2,"[2016-10-22 17:40:00,2016-10-22 18:00:00)",512.16,2016-10-22 17:40:00,2016-10-22 15:00:00,1004.0,1009.0,352.0,4.8,20.7,96.0,1.6
399,A,3,"[2016-10-22 17:00:00,2016-10-22 17:20:00)",773.08,2016-10-22 17:00:00,2016-10-22 15:00:00,1004.0,1009.0,352.0,4.8,20.7,96.0,1.6
400,A,3,"[2016-10-22 17:20:00,2016-10-22 17:40:00)",138.23,2016-10-22 17:20:00,2016-10-22 15:00:00,1004.0,1009.0,352.0,4.8,20.7,96.0,1.6
401,A,3,"[2016-10-22 17:40:00,2016-10-22 18:00:00)",259.03,2016-10-22 17:40:00,2016-10-22 15:00:00,1004.0,1009.0,352.0,4.8,20.7,96.0,1.6
402,B,1,"[2016-10-22 17:00:00,2016-10-22 17:20:00)",436.16,2016-10-22 17:00:00,2016-10-22 15:00:00,1004.0,1009.0,352.0,4.8,20.7,96.0,1.6
403,B,1,"[2016-10-22 17:20:00,2016-10-22 17:40:00)",48.49,2016-10-22 17:20:00,2016-10-22 15:00:00,1004.0,1009.0,352.0,4.8,20.7,96.0,1.6
404,B,1,"[2016-10-22 17:40:00,2016-10-22 18:00:00)",22.91,2016-10-22 17:40:00,2016-10-22 15:00:00,1004.0,1009.0,352.0,4.8,20.7,96.0,1.6
405,B,3,"[2016-10-22 17:00:00,2016-10-22 17:20:00)",683.82,2016-10-22 17:00:00,2016-10-22 15:00:00,1004.0,1009.0,352.0,4.8,20.7,96.0,1.6
406,B,3,"[2016-10-22 17:20:00,2016-10-22 17:40:00)",579.51,2016-10-22 17:20:00,2016-10-22 15:00:00,1004.0,1009.0,352.0,4.8,20.7,96.0,1.6
407,B,3,"[2016-10-22 17:40:00,2016-10-22 18:00:00)",370.32,2016-10-22 17:40:00,2016-10-22 15:00:00,1004.0,1009.0,352.0,4.8,20.7,96.0,1.6
408,C,1,"[2016-10-22 17:00:00,2016-10-22 17:20:00)",388.39,2016-10-22 17:00:00,2016-10-22 15:00:00,1004.0,1009.0,352.0,4.8,20.7,96.0,1.6
409,C,1,"[2016-10-22 17:20:00,2016-10-22 17:40:00)",287.29,2016-10-22 17:20:00,2016-10-22 15:00:00,1004.0,1009.0,352.0,4.8,20.7,96.0,1.6
410,C,1,"[2016-10-22 17:40:00,2016-10-22 18:00:00)",228.77,2016-10-22 17:40:00,2016-10-22 15:00:00,1004.0,1009.0,352.0,4.8,20.7,96.0,1.6
411,C,3,"[2016-10-22 17:00:00,2016-10-22 17:20:00)",772.61,2016-10-22 17:00:00,2016-10-22 15:00:00,1004.0,1009.0,352.0,4.8,20.7,96.0,1.6
412,C,3,"[2016-10-22 17:20:00,2016-10-22 17:40:00)",379.59,2016-10-22 17:20:00,2016-10-22 15:00:00,1004.0,1009.0,352.0,4.8,20.7,96.0,1.6
413,C,3,"[2016-10-22 17:40:00,2016-10-22 18:00:00)",653.98,2016-10-22 17:40:00,2016-10-22 15:00:00,1004.0,1009.0,352.0,4.8,20.7,96.0,1.6
414,A,2,"[2016-10-22 18:00:00,2016-10-22 18:20:00)",456.27,2016-10-22 18:00:00,2016-10-22 18:00:00,1005.3,1010.3,0.0,6.0,20.8,95.0,0.0
415,A,2,"[2016-10-22 18:20:00,2016-10-22 18:40:00)",436.85,2016-10-22 18:20:00,2016-10-22 18:00:00,1005.3,1010.3,0.0,6.0,20.8,95.0,0.0
416,A,2,"[2016-10-22 18:40:00,2016-10-22 19:00:00)",123.11,2016-10-22 18:40:00,2016-10-22 18:00:00,1005.3,1010.3,0.0,6.0,20.8,95.0,0.0
417,A,3,"[2016-10-22 18:00:00,2016-10-22 18:20:00)",272.13,2016-10-22 18:00:00,2016-10-22 18:00:00,1005.3,1010.3,0.0,6.0,20.8,95.0,0.0
418,A,3,"[2016-10-22 18:20:00,2016-10-22 18:40:00)",555.05,2016-10-22 18:20:00,2016-10-22 18:00:00,1005.3,1010.3,0.0,6.0,20.8,95.0,0.0
419,A,3,"[2016-10-22 18:40:00,2016-10-22 19:00:00)",631.96,2016-10-22 18:40:00,2016-10-22 18:00:00,1005.3,1010.3,0.0,6.0,20.8,95.0,0.0
420,B,1,"[2016-10-22 18:00:00,2016-10-22 18:20:00)",135.93,2016-10-22 18:00:00,2016-10-22 18:00:00,1005.3,1010.3,0.0,6.0,20.8,95.0,0.0
421,B,1,"[2016-10-22 18:20:00,2016-10-22 18:40:00)",21.35,2016-10-22 18:20:00,2016-10-22 18:00:00,1005.3,1010.3,0.0,6.0,20.8,95.0,0.0
422,B,1,"[2016-10-22 18:40:00,2016-10-22 19:00:00)",195.61,2016-10-22 18:40:00,2016-10-22 18:00:00,1005.3,1010.3,0.0,6.0,20.8,95.0,0.0
423,B,3,"[2016-10-22 18:00:00,2016-10-22 18:20:00)",583.17,2016-10-22 18:00:00,2016-10-22 18:00:00,1005.3,1010.3,0.0,6.0,20.8,95.0,0.0
424,B,3,"[2016-10-22 18:20:00,2016-10-22 18:40:00)",483.32,2016-10-22 18:20:00,2016-10-22 18:00:00,1005.3,1010.3,0.0,6.0,20.8,95.0,0.0
425,B,3,"[2016-10-22 18:40:00,2016-10-22 19:00:00)",312.53,2016-10-22 18:40:00,2016-10-22 18:00:00,1005.3,1010.3,0.0,6.0,20.8,95.0,0.0
426,C,1,"[2016-10-22 18:00:00,2016-10-22 18:20:00)",166.85,2016-10-22 18:00:00,2016-10-22 18:00:00,1005.3,1010.3,0.0,6.0,20.8,95.0,0.0
427,C,1,"[2016-10-22 18:20:00,2016-10-22 18:40:00)",245.35,2016-10-22 18:20:00,2016-10-22 18:00:00,1005.3,1010.3,0.0,6.0,20.8,95.0,0.0
428,C,1,"[2016-10-22 18:40:00,2016-10-22 19:00:00)",604.09,2016-10-22 18:40:00,2016-10-22 18:00:00,1005.3,1010.3,0.0,6.0,20.8,95.0,0.0
429,C,3,"[2016-10-22 18:00:00,2016-10-22 18:20:00)",59.01,2016-10-22 18:00:00,2016-10-22 18:00:00,1005.3,1010.3,0.0,6.0,20.8,95.0,0.0
430,C,3,"[2016-10-22 18:20:00,2016-10-22 18:40:00)",127.81,2016-10-22 18:20:00,2016-10-22 18:00:00,1005.3,1010.3,0.0,6.0,20.8,95.0,0.0
431,C,3,"[2016-10-22 18:40:00,2016-10-22 19:00:00)",652.77,2016-10-22 18:40:00,2016-10-22 18:00:00,1005.3,1010.3,0.0,6.0,20.8,95.0,0.0
432,A,2,"[2016-10-23 17:00:00,2016-10-23 17:20:00)",448.54,2016-10-23 17:00:00,2016-10-23 15:00:00,1011.4,1016.4,326.0,1.1,19.7,92.0,0.0
433,A,2,"[2016-10-23 17:20:00,2016-10-23 17:40:00)",349.11,2016-10-23 17:20:00,2016-10-23 15:00:00,1011.4,1016.4,326.0,1.1,19.7,92.0,0.0
434,A,2,"[2016-10-23 17:40:00,2016-10-23 18:00:00)",430.09,2016-10-23 17:40:00,2016-10-23 15:00:00,1011.4,1016.4,326.0,1.1,19.7,92.0,0.0
435,A,3,"[2016-10-23 17:00:00,2016-10-23 17:20:00)",604.9,2016-10-23 17:00:00,2016-10-23 15:00:00,1011.4,1016.4,326.0,1.1,19.7,92.0,0.0
436,A,3,"[2016-10-23 17:20:00,2016-10-23 17:40:00)",722.28,2016-10-23 17:20:00,2016-10-23 15:00:00,1011.4,1016.4,326.0,1.1,19.7,92.0,0.0
437,A,3,"[2016-10-23 17:40:00,2016-10-23 18:00:00)",267.91,2016-10-23 17:40:00,2016-10-23 15:00:00,1011.4,1016.4,326.0,1.1,19.7,92.0,0.0
438,B,1,"[2016-10-23 17:00:00,2016-10-23 17:20:00)",328.74,2016-10-23 17:00:00,2016-10-23 15:00:00,1011.4,1016.4,326.0,1.1,19.7,92.0,0.0
439,B,1,"[2016-10-23 17:20:00,2016-10-23 17:40:00)",700.35,2016-10-23 17:20:00,2016-10-23 15:00:00,1011.4,1016.4,326.0,1.1,19.7,92.0,0.0
440,B,1,"[2016-10-23 17:40:00,2016-10-23 18:00:00)",168.58,2016-10-23 17:40:00,2016-10-23 15:00:00,1011.4,1016.4,326.0,1.1,19.7,92.0,0.0
441,B,3,"[2016-10-23 17:00:00,2016-10-23 17:20:00)",226.11,2016-10-23 17:00:00,2016-10-23 15:00:00,1011.4,1016.4,326.0,1.1,19.7,92.0,0.0
442,B,3,"[2016-10-23 17:20:00,2016-10-23 17:40:00)",40.85,2016-10-23 17:20:00,2016-10-23 15:00:00,1011.4,1016.4,326.0,1.1,19.7,92.0,0.0
443,B,3,"[2016-10-23 17:40:00,2016-10-23 18:00:00)",24.97,2016-10-23 17:40:00,2016-10-23 15:00:00,1011.4,1016.4,326.0,1.1,19.7,92.0,0.0
444,C,1,"[2016-10-23 17:00:00,2016-10-23 17:20:00)",239.72,2016-10-23 17:00:00,2016-10-23 15:00:00,1011.4,1016.4,326.0,1.1,19.7,92.0,0.0
445,C,1,"[2016-10-23 17:20:00,2016-10-23 17:40:00)",419.64,2016-10-23 17:20:00,2016-10-23 15:00:00,1011.4,1016.4,326.0,1.1,19.7,92.0,0.0
446,C,1,"[2016-10-23 17:40:00,2016-10-23 18:00:00)",34.53,2016-10-23 17:40:00,2016-10-23 15:00:00,1011.4,1016.4,326.0,1.1,19.7,92.0,0.0
447,C,3,"[2016-10-23 17:00:00,2016-10-23 17:20:00)",324.3,2016-10-23 17:00:00,2016-10-23 15:00:00,1011.4,1016.4,326.0,1.1,19.7,92.0,0.0
448,C,3,"[2016-10-23 17:20:00,2016-10-23 17:40:00)",257.89,2016-10-23 17:20:00,2016-10-23 15:00:00,1011.4,1016.4,326.0,1.1,19.7,92.0,0.0
449,C,3,"[2016-10-23 17:40:00,2016-10-23 18:00:00)",660.74,2016-10-23 17:40:00,2016-10-23 15:00:00,1011.4,1016.4,326.0,1.1,19.7,92.0,0.0
450,A,2,"[2016-10-23 18:00:00,2016-10-23 18:20:00)",184.86,2016-10-23 18:00:00,2016-10-23 18:00:00,1011.0,1016.0,43.0,0.8,19.3,92.0,0.0
451,A,2,"[2016-10-23 18:20:00,2016-10-23 18:40:00)",99.69,2016-10-23 18:20:00,2016-10-23 18:00:00,1011.0,1016.0,43.0,0.8,19.3,92.0,0.0
452,A,2,"[2016-10-23 18:40:00,2016-10-23 19:00:00)",230.8,2016-10-23 18:40:00,2016-10-23 18:00:00,1011.0,1016.0,43.0,0.8,19.3,92.0,0.0
453,A,3,"[2016-10-23 18:00:00,2016-10-23 18:20:00)",451.12,2016-10-23 18:00:00,2016-10-23 18:00:00,1011.0,1016.0,43.0,0.8,19.3,92.0,0.0
454,A,3,"[2016-10-23 18:20:00,2016-10-23 18:40:00)",390.61,2016-10-23 18:20:00,2016-10-23 18:00:00,1011.0,1016.0,43.0,0.8,19.3,92.0,0.0
455,A,3,"[2016-10-23 18:40:00,2016-10-23 19:00:00)",83.52,2016-10-23 18:40:00,2016-10-23 18:00:00,1011.0,1016.0,43.0,0.8,19.3,92.0,0.0
456,B,1,"[2016-10-23 18:00:00,2016-10-23 18:20:00)",345.81,2016-10-23 18:00:00,2016-10-23 18:00:00,1011.0,1016.0,43.0,0.8,19.3,92.0,0.0
457,B,1,"[2016-10-23 18:20:00,2016-10-23 18:40:00)",161.84,2016-10-23 18:20:00,2016-10-23 18:00:00,1011.0,1016.0,43.0,0.8,19.3,92.0,0.0
458,B,1,"[2016-10-23 18:40:00,2016-10-23 19:00:00)",308.37,2016-10-23 18:40:00,2016-10-23 18:00:00,1011.0,1016.0,43.0,0.8,19.3,92.0,0.0
459,B,3,"[2016-10-23 18:00:00,2016-10-23 18:20:00)",286.77,2016-10-23 18:00:00,2016-10-23 18:00:00,1011.0,1016.0,43.0,0.8,19.3,92.0,0.0
460,B,3,"[2016-10-23 18:20:00,2016-10-23 18:40:00)",252.69,2016-10-23 18:20:00,2016-10-23 18:00:00,1011.0,1016.0,43.0,0.8,19.3,92.0,0.0
461,B,3,"[2016-10-23 18:40:00,2016-10-23 19:00:00)",610.84,2016-10-23 18:40:00,2016-10-23 18:00:00,1011.0,1016.0,43.0,0.8,19.3,92.0,0.0
462,C,1,"[2016-10-23 18:00:00,2016-10-23 18:20:00)",413.23,2016-10-23 18:00:00,2016-10-23 18:00:00,1011.0,1016.0,43.0,0.8,19.3,92.0,0.0
463,C,1,"[2016-10-23 18:20:00,2016-10-23 18:40:00)",58.85,2016-10-23 18:20:00,2016-10-23 18:00:00,1011.0,1016.0,43.0,0.8,19.3,92.0,0.0
464,C,1,"[2016-10-23 18:40:00,2016-10-23 19:00:00)",282.06,2016-10-23 18:40:00,2016-10-23 18:00:00,1011.0,1016.0,43.0,0.8,19.3,92.0,0.0
465,C,3,"[2016-10-23 18:00:00,2016-10-23 18:20:00)",652.06,2016-10-23 18:00:00,2016-10-23 18:00:00,1011.0,1016.0,43.0,0.8,19.3,92.0,0.0
466,C,3,"[2016-10-23 18:20:00,2016-10-23 18:40:00)",246.43,2016-10-23 18:20:00,2016-10-23 18:00:00,1011.0,1016.0,43.0,0.8,19.3,92.0,0.0
467,C,3,"[2016-10-23 18:40:00,2016-10-23 19:00:00)",486.65,2016-10-23 18:40:00,2016-10-23 18:00:00,1011.0,1016.0,43.0,0.8,19.3,92.0,0.0
468,A,2,"[2016-10-24 17:00:00,2016-10-24 17:20:00)",220.4,2016-10-24 17:00:00,2016-10-24 15:00:00,1008.0,1013.0,210.0,1.4,21.0,91.0,0.0
469,A,2,"[2016-10-24 17:20:00,2016-10-24 17:40:00)",60.17,2016-10-24 17:20:00,2016-10-24 15:00:00,1008.0,1013.0,210.0,1.4,21.0,91.0,0.0
470,A,2,"[2016-10-24 17:40:00,2016-10-24 18:00:00)",208.76,2016-10-24 17:40:00,2016-10-24 15:00:00,1008.0,1013.0,210.0,1.4,21.0,91.0,0.0
471,A,3,"[2016-10-24 17:00:00,2016-10-24 17:20:00)",538.44,2016-10-24 17:00:00,2016-10-24 15:00:00,1008.0,1013.0,210.0,1.4,21.0,91.0,0.0
472,A,3,"[2016-10-24 17:20:00,2016-10-24 17:40:00)",504.09,2016-10-24 17:20:00,2016-10-24 15:00:00,1008.0,1013.0,210.0,1.4,21.0,91.0,0.0
473,A,3,"[2016-10-24 17:40:00,2016-10-24 18:00:00)",501.68,2016-10-24 17:40:00,2016-10-24 15:00:00,1008.0,1013.0,210.0,1.4,21.0,91.0,0.0
474,B,1,"[2016-10-24 17:00:00,2016-10-24 17:20:00)",477.07,2016-10-24 17:00:00,2016-10-24 15:00:00,1008.0,1013.0,210.0,1.4,21.0,91.0,0.0
475,B,1,"[2016-10-24 17:20:00,2016-10-24 17:40:00)",520.11,2016-10-24 17:20:00,2016-10-24 15:00:00,1008.0,1013.0,210.0,1.4,21.0,91.0,0.0
476,B,1,"[2016-10-24 17:40:00,2016-10-24 18:00:00)",705.6,2016-10-24 17:40:00,2016-10-24 15:00:00,1008.0,1013.0,210.0,1.4,21.0,91.0,0.0
477,B,3,"[2016-10-24 17:00:00,2016-10-24 17:20:00)",542.78,2016-10-24 17:00:00,2016-10-24 15:00:00,1008.0,1013.0,210.0,1.4,21.0,91.0,0.0
478,B,3,"[2016-10-24 17:20:00,2016-10-24 17:40:00)",516.83,2016-10-24 17:20:00,2016-10-24 15:00:00,1008.0,1013.0,210.0,1.4,21.0,91.0,0.0
479,B,3,"[2016-10-24 17:40:00,2016-10-24 18:00:00)",707.16,2016-10-24 17:40:00,2016-10-24 15:00:00,1008.0,1013.0,210.0,1.4,21.0,91.0,0.0
480,C,1,"[2016-10-24 17:00:00,2016-10-24 17:20:00)",493.19,2016-10-24 17:00:00,2016-10-24 15:00:00,1008.0,1013.0,210.0,1.4,21.0,91.0,0.0
481,C,1,"[2016-10-24 17:20:00,2016-10-24 17:40:00)",155.3,2016-10-24 17:20:00,2016-10-24 15:00:00,1008.0,1013.0,210.0,1.4,21.0,91.0,0.0
482,C,1,"[2016-10-24 17:40:00,2016-10-24 18:00:00)",470.54,2016-10-24 17:40:00,2016-10-24 15:00:00,1008.0,1013.0,210.0,1.4,21.0,91.0,0.0
483,C,3,"[2016-10-24 17:00:00,2016-10-24 17:20:00)",437.11,2016-10-24 17:00:00,2016-10-24 15:00:00,1008.0,1013.0,210.0,1.4,21.0,91.0,0.0
484,C,3,"[2016-10-24 17:20:00,2016-10-24 17:40:00)",485.05,2016-10-24 17:20:00,2016-10-24 15:00:00,1008.0,1013.0,210.0,1.4,21.0,91.0,0.0
485,C,3,"[2016-10-24 17:40:00,2016-10-24 18:00:00)",83.02,2016-10-24 17:40:00,2016-10-24 15:00:00,1008.0,1013.0,210.0,1.4,21.0,91.0,0.0
486,A,2,"[2016-10-24 18:00:00,2016-10-24 18:20:00)",227.31,2016-10-24 18:00:00,2016-10-24 18:00:00,1007.3,1012.3,226.0,3.0,20.7,94.0,0.0
487,A,2,"[2016-10-24 18:20:00,2016-10-24 18:40:00)",277.06,2016-10-24 18:20:00,2016-10-24 18:00:00,1007.3,1012.3,226.0,3.0,20.7,94.0,0.0
488,A,2,"[2016-10-24 18:40:00,2016-10-24 19:00:00)",517.01,2016-10-24 18:40:00,2016-10-24 18:00:00,1007.3,1012.3,226.0,3.0,20.7,94.0,0.0
489,A,3,"[2016-10-24 18:00:00,2016-10-24 18:20:00)",31.39,2016-10-24 18:00:00,2016-10-24 18:00:00,1007.3,1012.3,226.0,3.0,20.7,94.0,0.0
490,A,3,"[2016-10-24 18:20:00,2016-10-24 18:40:00)",126.24,2016-10-24 18:20:00,2016-10-24 18:00:00,1007.3,1012.3,226.0,3.0,20.7,94.0,0.0
491,A,3,"[2016-10-24 18:40:00,2016-10-24 19:00:00)",400.39,2016-10-24 18:40:00,2016-10-24 18:00:00,1007.3,1012.3,226.0,3.0,20.7,94.0,0.0
492,B,1,"[2016-10-24 18:00:00,2016-10-24 18:20:00)",714.47,2016-10-24 18:00:00,2016-10-24 18:00:00,1007.3,1012.3,226.0,3.0,20.7,94.0,0.0
493,B,1,"[2016-10-24 18:20:00,2016-10-24 18:40:00)",572.81,2016-10-24 18:20:00,2016-10-24 18:00:00,1007.3,1012.3,226.0,3.0,20.7,94.0,0.0
494,B,1,"[2016-10-24 18:40:00,2016-10-24 19:00:00)",633.55,2016-10-24 18:40:00,2016-10-24 18:00:00,1007.3,1012.3,226.0,3.0,20.7,94.0,0.0
495,B,3,"[2016-10-24 18:00:00,2016-10-24 18:20:00)",68.16,2016-10-24 18:00:00,2016-10-24 18:00:00,1007.3,1012.3,226.0,3.0,20.7,94.0,0.0
496,B,3,"[2016-10-24 18:20:00,2016-10-24 18:40:00)",674.98,2016-10-24 18:20:00,2016-10-24 18:00:00,1007.3,1012.3,226.0,3.0,20.7,94.0,0.0
497,B,3,"[2016-10-24 18:40:00,2016-10-24 19:00:00)",357.32,2016-10-24 18:40:00,2016-10-24 18:00:00,1007.3,1012.3,226.0,3.0,20.7,94.0,0.0
498,C,1,"[2016-10-24 18:00:00,2016-10-24 18:20:00)",560.95,2016-10-24 18:00:00,2016-10-24 18:00:00,1007.3,1012.3,226.0,3.0,20.7,94.0,0.0
499,C,1,"[2016-10-24 18:20:00,2016-10-24 18:40:00)",460.21,2016-10-24 18:20:00,2016-10-24 18:00:00,1007.3,1012.3,226.0,3.0,20.7,94.0,0.0
500,C,1,"[2016-10-24 18:40:00,2016-10-24 19:00:00)",610.65,2016-10-24 18:40:00,2016-10-24 18:00:00,1007.3,1012.3,226.0,3.0,20.7,94.0,0.0
501,C,3,"[2016-10-24 18:00:00,2016-10-24 18:20:00)",748.61,2016-10-24 18:00:00,2016-10-24 18:00:00,1007.3,1012.3,226.0,3.0,20.7,94.0,0.0
502,C,3,"[2016-10-24 18:20:00,2016-10-24 18:40:00)",623.45,2016-10-24 18:20:00,2016-10-24 18:00:00,1007.3,1012.3,226.0,3.0,20.7,94.0,0.0
503,C,3,"[2016-10-24 18:40:00,2016-10-24 19:00:00)",559.67,2016-10-24 18:40:00,2016-10-24 18:00:00,1007.3,1012.3,226.0,3.0,20.7,94.0,0.0
