tollgate_id,time_window,direction,volume
1.0,"[2016-10-25 08:00:00,2016-10-25 08:20:00)",0.0,51.099910736083984
1.0,"[2016-10-25 08:20:00,2016-10-25 08:40:00)",0.0,51.099910736083984
1.0,"[2016-10-25 08:40:00,2016-10-25 09:00:00)",0.0,50.4081916809082
1.0,"[2016-10-25 09:00:00,2016-10-25 09:20:00)",0.0,54.048805236816406
1.0,"[2016-10-25 09:20:00,2016-10-25 09:40:00)",0.0,54.048805236816406
1.0,"[2016-10-25 09:40:00,2016-10-25 10:00:00)",0.0,53.357086181640625
1.0,"[2016-10-25 08:00:00,2016-10-25 08:20:00)",1.0,108.01639556884766
1.0,"[2016-10-25 08:20:00,2016-10-25 08:40:00)",1.0,108.01639556884766
1.0,"[2016-10-25 08:40:00,2016-10-25 09:00:00)",1.0,107.3246841430664
1.0,"[2016-10-25 09:00:00,2016-10-25 09:20:00)",1.0,110.96528625488281
1.0,"[2016-10-25 09:20:00,2016-10-25 09:40:00)",1.0,110.96528625488281
1.0,"[2016-10-25 09:40:00,2016-10-25 10:00:00)",1.0,110.27357482910156
2.0,"[2016-10-25 08:00:00,2016-10-25 08:20:00)",0.0,97.24163818359375
2.0,"[2016-10-25 08:20:00,2016-10-25 08:40:00)",0.0,97.24163818359375
2.0,"[2016-10-25 08:40:00,2016-10-25 09:00:00)",0.0,96.5499267578125
2.0,"[2016-10-25 09:00:00,2016-10-25 09:20:00)",0.0,88.58428955078125
2.0,"[2016-10-25 09:20:00,2016-10-25 09:40:00)",0.0,88.58428955078125
2.0,"[2016-10-25 09:40:00,2016-10-25 10:00:00)",0.0,87.892578125
3.0,"[2016-10-25 08:00:00,2016-10-25 08:20:00)",0.0,145.74380493164062
3.0,"[2016-10-25 08:20:00,2016-10-25 08:40:00)",0.0,145.74380493164062
3.0,"[2016-10-25 08:40:00,2016-10-25 09:00:00)",0.0,145.05209350585938
3.0,"[2016-10-25 09:00:00,2016-10-25 09:20:00)",0.0,132.46624755859375
3.0,"[2016-10-25 09:20:00,2016-10-25 09:40:00)",0.0,132.46624755859375
3.0,"[2016-10-25 09:40:00,2016-10-25 10:00:00)",0.0,131.7745361328125
3.0,"[2016-10-25 08:00:00,2016-10-25 08:20:00)",1.0,124.6595687866211
3.0,"[2016-10-25 08:20:00,2016-10-25 08:40:00)",1.0,124.6595687866211
3.0,"[2016-10-25 08:40:00,2016-10-25 09:00:00)",1.0,123.96785736083984
3.0,"[2016-10-25 09:00:00,2016-10-25 09:20:00)",1.0,114.08712768554688
3.0,"[2016-10-25 09:20:00,2016-10-25 09:40:00)",1.0,114.08712768554688
3.0,"[2016-10-25 09:40:00,2016-10-25 10:00:00)",1.0,113.39541625976562
1.0,"[2016-10-25 17:00:00,2016-10-25 17:20:00)",0.0,69.53399658203125
1.0,"[2016-10-25 17:20:00,2016-10-25 17:40:00)",0.0,69.53399658203125
1.0,"[2016-10-25 17:40:00,2016-10-25 18:00:00)",0.0,69.37389373779297
1.0,"[2016-10-25 18:00:00,2016-10-25 18:20:00)",0.0,53.7620735168457
1.0,"[2016-10-25 18:20:00,2016-10-25 18:40:00)",0.0,53.7620735168457
1.0,"[2016-10-25 18:40:00,2016-10-25 19:00:00)",0.0,51.08576965332031
1.0,"[2016-10-25 17:00:00,2016-10-25 17:20:00)",1.0,68.740234375
1.0,"[2016-10-25 17:20:00,2016-10-25 17:40:00)",1.0,68.740234375
1.0,"[2016-10-25 17:40:00,2016-10-25 18:00:00)",1.0,69.80530548095703
1.0,"[2016-10-25 18:00:00,2016-10-25 18:20:00)",1.0,53.75297927856445
1.0,"[2016-10-25 18:20:00,2016-10-25 18:40:00)",1.0,53.75297927856445
1.0,"[2016-10-25 18:40:00,2016-10-25 19:00:00)",1.0,52.301849365234375
2.0,"[2016-10-25 17:00:00,2016-10-25 17:20:00)",0.0,55.856842041015625
2.0,"[2016-10-25 17:20:00,2016-10-25 17:40:00)",0.0,55.856842041015625
2.0,"[2016-10-25 17:40:00,2016-10-25 18:00:00)",0.0,55.696739196777344
2.0,"[2016-10-25 18:00:00,2016-10-25 18:20:00)",0.0,34.04491424560547
2.0,"[2016-10-25 18:20:00,2016-10-25 18:40:00)",0.0,33.46430969238281
2.0,"[2016-10-25 18:40:00,2016-10-25 19:00:00)",0.0,29.798171997070312
3.0,"[2016-10-25 17:00:00,2016-10-25 17:20:00)",0.0,104.7281494140625
3.0,"[2016-10-25 17:20:00,2016-10-25 17:40:00)",0.0,104.7281494140625
3.0,"[2016-10-25 17:40:00,2016-10-25 18:00:00)",0.0,104.56805419921875
3.0,"[2016-10-25 18:00:00,2016-10-25 18:20:00)",0.0,71.15276336669922
3.0,"[2016-10-25 18:20:00,2016-10-25 18:40:00)",0.0,70.57215118408203
3.0,"[2016-10-25 18:40:00,2016-10-25 19:00:00)",0.0,66.90602111816406
3.0,"[2016-10-25 17:00:00,2016-10-25 17:20:00)",1.0,76.30354309082031
3.0,"[2016-10-25 17:20:00,2016-10-25 17:40:00)",1.0,76.30354309082031
3.0,"[2016-10-25 17:40:00,2016-10-25 18:00:00)",1.0,77.36861419677734
3.0,"[2016-10-25 18:00:00,2016-10-25 18:20:00)",1.0,58.107547760009766
3.0,"[2016-10-25 18:20:00,2016-10-25 18:40:00)",1.0,57.52694320678711
3.0,"[2016-10-25 18:40:00,2016-10-25 19:00:00)",1.0,55.08597183227539
1.0,"[2016-10-26 08:00:00,2016-10-26 08:20:00)",0.0,66.27143859863281
1.0,"[2016-10-26 08:20:00,2016-10-26 08:40:00)",0.0,66.27143859863281
1.0,"[2016-10-26 08:40:00,2016-10-26 09:00:00)",0.0,65.57971954345703
1.0,"[2016-10-26 09:00:00,2016-10-26 09:20:00)",0.0,63.94577407836914
1.0,"[2016-10-26 09:20:00,2016-10-26 09:40:00)",0.0,63.94577407836914
1.0,"[2016-10-26 09:40:00,2016-10-26 10:00:00)",0.0,63.25405502319336
1.0,"[2016-10-26 08:00:00,2016-10-26 08:20:00)",1.0,106.92630767822266
1.0,"[2016-10-26 08:20:00,2016-10-26 08:40:00)",1.0,106.92630767822266
1.0,"[2016-10-26 08:40:00,2016-10-26 09:00:00)",1.0,106.2345962524414
1.0,"[2016-10-26 09:00:00,2016-10-26 09:20:00)",1.0,104.60064697265625
1.0,"[2016-10-26 09:20:00,2016-10-26 09:40:00)",1.0,104.60064697265625
1.0,"[2016-10-26 09:40:00,2016-10-26 10:00:00)",1.0,103.908935546875
2.0,"[2016-10-26 08:00:00,2016-10-26 08:20:00)",0.0,89.87757110595703
2.0,"[2016-10-26 08:20:00,2016-10-26 08:40:00)",0.0,89.87757110595703
2.0,"[2016-10-26 08:40:00,2016-10-26 09:00:00)",0.0,89.18585968017578
2.0,"[2016-10-26 09:00:00,2016-10-26 09:20:00)",0.0,86.20005798339844
2.0,"[2016-10-26 09:20:00,2016-10-26 09:40:00)",0.0,86.20005798339844
2.0,"[2016-10-26 09:40:00,2016-10-26 10:00:00)",0.0,85.50834655761719
3.0,"[2016-10-26 08:00:00,2016-10-26 08:20:00)",0.0,142.67620849609375
3.0,"[2016-10-26 08:20:00,2016-10-26 08:40:00)",0.0,142.67620849609375
3.0,"[2016-10-26 08:40:00,2016-10-26 09:00:00)",0.0,141.9844970703125
3.0,"[2016-10-26 09:00:00,2016-10-26 09:20:00)",0.0,136.2935791015625
3.0,"[2016-10-26 09:20:00,2016-10-26 09:40:00)",0.0,136.2935791015625
3.0,"[2016-10-26 09:40:00,2016-10-26 10:00:00)",0.0,135.60186767578125
3.0,"[2016-10-26 08:00:00,2016-10-26 08:20:00)",1.0,116.92369079589844
3.0,"[2016-10-26 08:20:00,2016-10-26 08:40:00)",1.0,116.92369079589844
3.0,"[2016-10-26 08:40:00,2016-10-26 09:00:00)",1.0,116.23197937011719
3.0,"[2016-10-26 09:00:00,2016-10-26 09:20:00)",1.0,113.24617767333984
3.0,"[2016-10-26 09:20:00,2016-10-26 09:40:00)",1.0,113.24617767333984
3.0,"[2016-10-26 09:40:00,2016-10-26 10:00:00)",1.0,112.5544662475586
1.0,"[2016-10-26 17:00:00,2016-10-26 17:20:00)",0.0,52.25999069213867
1.0,"[2016-10-26 17:20:00,2016-10-26 17:40:00)",0.0,52.25999069213867
1.0,"[2016-10-26 17:40:00,2016-10-26 18:00:00)",0.0,50.813209533691406
1.0,"[2016-10-26 18:00:00,2016-10-26 18:20:00)",0.0,35.401058197021484
1.0,"[2016-10-26 18:20:00,2016-10-26 18:40:00)",0.0,35.401058197021484
1.0,"[2016-10-26 18:40:00,2016-10-26 19:00:00)",0.0,32.412147521972656
1.0,"[2016-10-26 17:00:00,2016-10-26 17:20:00)",1.0,84.09654998779297
1.0,"[2016-10-26 17:20:00,2016-10-26 17:40:00)",1.0,84.09654998779297
1.0,"[2016-10-26 17:40:00,2016-10-26 18:00:00)",1.0,83.87493896484375
1.0,"[2016-10-26 18:00:00,2016-10-26 18:20:00)",1.0,65.24842071533203
1.0,"[2016-10-26 18:20:00,2016-10-26 18:40:00)",1.0,65.24842071533203
1.0,"[2016-10-26 18:40:00,2016-10-26 19:00:00)",1.0,63.76157760620117
2.0,"[2016-10-26 17:00:00,2016-10-26 17:20:00)",0.0,72.29218292236328
2.0,"[2016-10-26 17:20:00,2016-10-26 17:40:00)",0.0,72.29218292236328
2.0,"[2016-10-26 17:40:00,2016-10-26 18:00:00)",0.0,70.84540557861328
2.0,"[2016-10-26 18:00:00,2016-10-26 18:20:00)",0.0,55.47471237182617
2.0,"[2016-10-26 18:20:00,2016-10-26 18:40:00)",0.0,54.894100189208984
2.0,"[2016-10-26 18:40:00,2016-10-26 19:00:00)",0.0,50.91534423828125
3.0,"[2016-10-26 17:00:00,2016-10-26 17:20:00)",0.0,110.23004150390625
3.0,"[2016-10-26 17:20:00,2016-10-26 17:40:00)",0.0,110.23004150390625
3.0,"[2016-10-26 17:40:00,2016-10-26 18:00:00)",0.0,108.78326416015625
3.0,"[2016-10-26 18:00:00,2016-10-26 18:20:00)",0.0,76.40484619140625
3.0,"[2016-10-26 18:20:00,2016-10-26 18:40:00)",0.0,75.40913391113281
3.0,"[2016-10-26 18:40:00,2016-10-26 19:00:00)",0.0,71.43038940429688
3.0,"[2016-10-26 17:00:00,2016-10-26 17:20:00)",1.0,86.29764556884766
3.0,"[2016-10-26 17:20:00,2016-10-26 17:40:00)",1.0,86.29764556884766
3.0,"[2016-10-26 17:40:00,2016-10-26 18:00:00)",1.0,86.07603454589844
3.0,"[2016-10-26 18:00:00,2016-10-26 18:20:00)",1.0,73.09607696533203
3.0,"[2016-10-26 18:20:00,2016-10-26 18:40:00)",1.0,72.51547241210938
3.0,"[2016-10-26 18:40:00,2016-10-26 19:00:00)",1.0,70.03878784179688
1.0,"[2016-10-27 08:00:00,2016-10-27 08:20:00)",0.0,65.31645965576172
1.0,"[2016-10-27 08:20:00,2016-10-27 08:40:00)",0.0,65.31645965576172
1.0,"[2016-10-27 08:40:00,2016-10-27 09:00:00)",0.0,64.624755859375
1.0,"[2016-10-27 09:00:00,2016-10-27 09:20:00)",0.0,63.03761672973633
1.0,"[2016-10-27 09:20:00,2016-10-27 09:40:00)",0.0,63.03761672973633
1.0,"[2016-10-27 09:40:00,2016-10-27 10:00:00)",0.0,62.34589767456055
1.0,"[2016-10-27 08:00:00,2016-10-27 08:20:00)",1.0,106.98319244384766
1.0,"[2016-10-27 08:20:00,2016-10-27 08:40:00)",1.0,106.98319244384766
1.0,"[2016-10-27 08:40:00,2016-10-27 09:00:00)",1.0,106.2914810180664
1.0,"[2016-10-27 09:00:00,2016-10-27 09:20:00)",1.0,104.70433044433594
1.0,"[2016-10-27 09:20:00,2016-10-27 09:40:00)",1.0,104.70433044433594
1.0,"[2016-10-27 09:40:00,2016-10-27 10:00:00)",1.0,104.01261901855469
2.0,"[2016-10-27 08:00:00,2016-10-27 08:20:00)",0.0,89.66191101074219
2.0,"[2016-10-27 08:20:00,2016-10-27 08:40:00)",0.0,89.66191101074219
2.0,"[2016-10-27 08:40:00,2016-10-27 09:00:00)",0.0,88.97019958496094
2.0,"[2016-10-27 09:00:00,2016-10-27 09:20:00)",0.0,86.03119659423828
2.0,"[2016-10-27 09:20:00,2016-10-27 09:40:00)",0.0,86.03119659423828
2.0,"[2016-10-27 09:40:00,2016-10-27 10:00:00)",0.0,85.33948516845703
3.0,"[2016-10-27 08:00:00,2016-10-27 08:20:00)",0.0,143.00286865234375
3.0,"[2016-10-27 08:20:00,2016-10-27 08:40:00)",0.0,143.00286865234375
3.0,"[2016-10-27 08:40:00,2016-10-27 09:00:00)",0.0,142.3111572265625
3.0,"[2016-10-27 09:00:00,2016-10-27 09:20:00)",0.0,136.66705322265625
3.0,"[2016-10-27 09:20:00,2016-10-27 09:40:00)",0.0,136.66705322265625
3.0,"[2016-10-27 09:40:00,2016-10-27 10:00:00)",0.0,135.975341796875
3.0,"[2016-10-27 08:00:00,2016-10-27 08:20:00)",1.0,113.07638549804688
3.0,"[2016-10-27 08:20:00,2016-10-27 08:40:00)",1.0,113.07638549804688
3.0,"[2016-10-27 08:40:00,2016-10-27 09:00:00)",1.0,112.38467407226562
3.0,"[2016-10-27 09:00:00,2016-10-27 09:20:00)",1.0,109.44567108154297
3.0,"[2016-10-27 09:20:00,2016-10-27 09:40:00)",1.0,109.44567108154297
3.0,"[2016-10-27 09:40:00,2016-10-27 10:00:00)",1.0,108.75395965576172
1.0,"[2016-10-27 17:00:00,2016-10-27 17:20:00)",0.0,51.35816192626953
1.0,"[2016-10-27 17:20:00,2016-10-27 17:40:00)",0.0,51.35816192626953
1.0,"[2016-10-27 17:40:00,2016-10-27 18:00:00)",0.0,49.911380767822266
1.0,"[2016-10-27 18:00:00,2016-10-27 18:20:00)",0.0,34.86061096191406
1.0,"[2016-10-27 18:20:00,2016-10-27 18:40:00)",0.0,34.86061096191406
1.0,"[2016-10-27 18:40:00,2016-10-27 19:00:00)",0.0,33.0238151550293
1.0,"[2016-10-27 17:00:00,2016-10-27 17:20:00)",1.0,82.55506134033203
1.0,"[2016-10-27 17:20:00,2016-10-27 17:40:00)",1.0,82.55506134033203
1.0,"[2016-10-27 17:40:00,2016-10-27 18:00:00)",1.0,82.33345031738281
1.0,"[2016-10-27 18:00:00,2016-10-27 18:20:00)",1.0,64.06830596923828
1.0,"[2016-10-27 18:20:00,2016-10-27 18:40:00)",1.0,64.06830596923828
1.0,"[2016-10-27 18:40:00,2016-10-27 19:00:00)",1.0,63.45668411254883
2.0,"[2016-10-27 17:00:00,2016-10-27 17:20:00)",0.0,70.36611938476562
2.0,"[2016-10-27 17:20:00,2016-10-27 17:40:00)",0.0,70.36611938476562
2.0,"[2016-10-27 17:40:00,2016-10-27 18:00:00)",0.0,68.91934204101562
2.0,"[2016-10-27 18:00:00,2016-10-27 18:20:00)",0.0,53.25420379638672
2.0,"[2016-10-27 18:20:00,2016-10-27 18:40:00)",0.0,52.67359924316406
2.0,"[2016-10-27 18:40:00,2016-10-27 19:00:00)",0.0,49.846961975097656
3.0,"[2016-10-27 17:00:00,2016-10-27 17:20:00)",0.0,108.62567138671875
3.0,"[2016-10-27 17:20:00,2016-10-27 17:40:00)",0.0,108.62567138671875
3.0,"[2016-10-27 17:40:00,2016-10-27 18:00:00)",0.0,107.17889404296875
3.0,"[2016-10-27 18:00:00,2016-10-27 18:20:00)",0.0,74.08718872070312
3.0,"[2016-10-27 18:20:00,2016-10-27 18:40:00)",0.0,73.09147644042969
3.0,"[2016-10-27 18:40:00,2016-10-27 19:00:00)",0.0,70.26484680175781
3.0,"[2016-10-27 17:00:00,2016-10-27 17:20:00)",1.0,84.8310317993164
3.0,"[2016-10-27 17:20:00,2016-10-27 17:40:00)",1.0,84.8310317993164
3.0,"[2016-10-27 17:40:00,2016-10-27 18:00:00)",1.0,84.60942077636719
3.0,"[2016-10-27 18:00:00,2016-10-27 18:20:00)",1.0,69.93660736083984
3.0,"[2016-10-27 18:20:00,2016-10-27 18:40:00)",1.0,69.35600280761719
3.0,"[2016-10-27 18:40:00,2016-10-27 19:00:00)",1.0,67.7545394897461
1.0,"[2016-10-28 08:00:00,2016-10-28 08:20:00)",0.0,50.983978271484375
1.0,"[2016-10-28 08:20:00,2016-10-28 08:40:00)",0.0,50.983978271484375
1.0,"[2016-10-28 08:40:00,2016-10-28 09:00:00)",0.0,50.292259216308594
1.0,"[2016-10-28 09:00:00,2016-10-28 09:20:00)",0.0,52.16400146484375
1.0,"[2016-10-28 09:20:00,2016-10-28 09:40:00)",0.0,52.16400146484375
1.0,"[2016-10-28 09:40:00,2016-10-28 10:00:00)",0.0,51.47228240966797
1.0,"[2016-10-28 08:00:00,2016-10-28 08:20:00)",1.0,98.05258178710938
1.0,"[2016-10-28 08:20:00,2016-10-28 08:40:00)",1.0,98.05258178710938
1.0,"[2016-10-28 08:40:00,2016-10-28 09:00:00)",1.0,97.36087036132812
1.0,"[2016-10-28 09:00:00,2016-10-28 09:20:00)",1.0,99.23260498046875
1.0,"[2016-10-28 09:20:00,2016-10-28 09:40:00)",1.0,99.23260498046875
1.0,"[2016-10-28 09:40:00,2016-10-28 10:00:00)",1.0,98.5408935546875
2.0,"[2016-10-28 08:00:00,2016-10-28 08:20:00)",0.0,80.4871597290039
2.0,"[2016-10-28 08:20:00,2016-10-28 08:40:00)",0.0,80.4871597290039
2.0,"[2016-10-28 08:40:00,2016-10-28 09:00:00)",0.0,79.79544830322266
2.0,"[2016-10-28 09:00:00,2016-10-28 09:20:00)",0.0,78.81708526611328
2.0,"[2016-10-28 09:20:00,2016-10-28 09:40:00)",0.0,78.81708526611328
2.0,"[2016-10-28 09:40:00,2016-10-28 10:00:00)",0.0,78.12537384033203
3.0,"[2016-10-28 08:00:00,2016-10-28 08:20:00)",0.0,127.40828704833984
3.0,"[2016-10-28 08:20:00,2016-10-28 08:40:00)",0.0,127.40828704833984
3.0,"[2016-10-28 08:40:00,2016-10-28 09:00:00)",0.0,126.7165756225586
3.0,"[2016-10-28 09:00:00,2016-10-28 09:20:00)",0.0,121.11798095703125
3.0,"[2016-10-28 09:20:00,2016-10-28 09:40:00)",0.0,121.11798095703125
3.0,"[2016-10-28 09:40:00,2016-10-28 10:00:00)",0.0,120.42626953125
3.0,"[2016-10-28 08:00:00,2016-10-28 08:20:00)",1.0,106.69346618652344
3.0,"[2016-10-28 08:20:00,2016-10-28 08:40:00)",1.0,106.69346618652344
3.0,"[2016-10-28 08:40:00,2016-10-28 09:00:00)",1.0,106.00175476074219
3.0,"[2016-10-28 09:00:00,2016-10-28 09:20:00)",1.0,103.1082992553711
3.0,"[2016-10-28 09:20:00,2016-10-28 09:40:00)",1.0,103.1082992553711
3.0,"[2016-10-28 09:40:00,2016-10-28 10:00:00)",1.0,102.41658782958984
1.0,"[2016-10-28 17:00:00,2016-10-28 17:20:00)",0.0,42.755760192871094
1.0,"[2016-10-28 17:20:00,2016-10-28 17:40:00)",0.0,42.755760192871094
1.0,"[2016-10-28 17:40:00,2016-10-28 18:00:00)",0.0,42.59565734863281
1.0,"[2016-10-28 18:00:00,2016-10-28 18:20:00)",0.0,27.884029388427734
1.0,"[2016-10-28 18:20:00,2016-10-28 18:40:00)",0.0,27.310874938964844
1.0,"[2016-10-28 18:40:00,2016-10-28 19:00:00)",0.0,25.845909118652344
1.0,"[2016-10-28 17:00:00,2016-10-28 17:20:00)",1.0,93.0877456665039
1.0,"[2016-10-28 17:20:00,2016-10-28 17:40:00)",1.0,93.0877456665039
1.0,"[2016-10-28 17:40:00,2016-10-28 18:00:00)",1.0,94.15281677246094
1.0,"[2016-10-28 18:00:00,2016-10-28 18:20:00)",1.0,64.26441192626953
1.0,"[2016-10-28 18:20:00,2016-10-28 18:40:00)",1.0,64.26441192626953
1.0,"[2016-10-28 18:40:00,2016-10-28 19:00:00)",1.0,64.02462005615234
2.0,"[2016-10-28 17:00:00,2016-10-28 17:20:00)",0.0,66.9474868774414
2.0,"[2016-10-28 17:20:00,2016-10-28 17:40:00)",0.0,66.9474868774414
2.0,"[2016-10-28 17:40:00,2016-10-28 18:00:00)",0.0,66.78739166259766
2.0,"[2016-10-28 18:00:00,2016-10-28 18:20:00)",0.0,50.47803497314453
2.0,"[2016-10-28 18:20:00,2016-10-28 18:40:00)",0.0,49.32427215576172
2.0,"[2016-10-28 18:40:00,2016-10-28 19:00:00)",0.0,46.86946487426758
3.0,"[2016-10-28 17:00:00,2016-10-28 17:20:00)",0.0,103.26848602294922
3.0,"[2016-10-28 17:20:00,2016-10-28 17:40:00)",0.0,103.26848602294922
3.0,"[2016-10-28 17:40:00,2016-10-28 18:00:00)",0.0,103.10839080810547
3.0,"[2016-10-28 18:00:00,2016-10-28 18:20:00)",0.0,70.88825225830078
3.0,"[2016-10-28 18:20:00,2016-10-28 18:40:00)",0.0,69.31938171386719
3.0,"[2016-10-28 18:40:00,2016-10-28 19:00:00)",0.0,66.86458587646484
3.0,"[2016-10-28 17:00:00,2016-10-28 17:20:00)",1.0,85.18204498291016
3.0,"[2016-10-28 17:20:00,2016-10-28 17:40:00)",1.0,85.18204498291016
3.0,"[2016-10-28 17:40:00,2016-10-28 18:00:00)",1.0,86.24711608886719
3.0,"[2016-10-28 18:00:00,2016-10-28 18:20:00)",1.0,69.3926773071289
3.0,"[2016-10-28 18:20:00,2016-10-28 18:40:00)",1.0,68.81206512451172
3.0,"[2016-10-28 18:40:00,2016-10-28 19:00:00)",1.0,67.58243560791016
1.0,"[2016-10-29 08:00:00,2016-10-29 08:20:00)",0.0,43.68042755126953
1.0,"[2016-10-29 08:20:00,2016-10-29 08:40:00)",0.0,43.68042755126953
1.0,"[2016-10-29 08:40:00,2016-10-29 09:00:00)",0.0,42.98870849609375
1.0,"[2016-10-29 09:00:00,2016-10-29 09:20:00)",0.0,45.715641021728516
1.0,"[2016-10-29 09:20:00,2016-10-29 09:40:00)",0.0,45.715641021728516
1.0,"[2016-10-29 09:40:00,2016-10-29 10:00:00)",0.0,45.023921966552734
1.0,"[2016-10-29 08:00:00,2016-10-29 08:20:00)",1.0,94.7401351928711
1.0,"[2016-10-29 08:20:00,2016-10-29 08:40:00)",1.0,94.7401351928711
1.0,"[2016-10-29 08:40:00,2016-10-29 09:00:00)",1.0,94.04842376708984
1.0,"[2016-10-29 09:00:00,2016-10-29 09:20:00)",1.0,96.77535247802734
1.0,"[2016-10-29 09:20:00,2016-10-29 09:40:00)",1.0,96.77535247802734
1.0,"[2016-10-29 09:40:00,2016-10-29 10:00:00)",1.0,96.0836410522461
2.0,"[2016-10-29 08:00:00,2016-10-29 08:20:00)",0.0,79.9410629272461
2.0,"[2016-10-29 08:20:00,2016-10-29 08:40:00)",0.0,79.9410629272461
2.0,"[2016-10-29 08:40:00,2016-10-29 09:00:00)",0.0,79.24935150146484
2.0,"[2016-10-29 09:00:00,2016-10-29 09:20:00)",0.0,79.12618255615234
2.0,"[2016-10-29 09:20:00,2016-10-29 09:40:00)",0.0,79.12618255615234
2.0,"[2016-10-29 09:40:00,2016-10-29 10:00:00)",0.0,78.4344711303711
3.0,"[2016-10-29 08:00:00,2016-10-29 08:20:00)",0.0,117.66340637207031
3.0,"[2016-10-29 08:20:00,2016-10-29 08:40:00)",0.0,117.66340637207031
3.0,"[2016-10-29 08:40:00,2016-10-29 09:00:00)",0.0,116.97169494628906
3.0,"[2016-10-29 09:00:00,2016-10-29 09:20:00)",0.0,115.05958557128906
3.0,"[2016-10-29 09:20:00,2016-10-29 09:40:00)",0.0,115.05958557128906
3.0,"[2016-10-29 09:40:00,2016-10-29 10:00:00)",0.0,114.36787414550781
3.0,"[2016-10-29 08:00:00,2016-10-29 08:20:00)",1.0,101.52628326416016
3.0,"[2016-10-29 08:20:00,2016-10-29 08:40:00)",1.0,101.52628326416016
3.0,"[2016-10-29 08:40:00,2016-10-29 09:00:00)",1.0,100.8345718383789
3.0,"[2016-10-29 09:00:00,2016-10-29 09:20:00)",1.0,98.79631042480469
3.0,"[2016-10-29 09:20:00,2016-10-29 09:40:00)",1.0,98.79631042480469
3.0,"[2016-10-29 09:40:00,2016-10-29 10:00:00)",1.0,98.10459899902344
1.0,"[2016-10-29 17:00:00,2016-10-29 17:20:00)",0.0,48.18996810913086
1.0,"[2016-10-29 17:20:00,2016-10-29 17:40:00)",0.0,48.18996810913086
1.0,"[2016-10-29 17:40:00,2016-10-29 18:00:00)",0.0,48.02986526489258
1.0,"[2016-10-29 18:00:00,2016-10-29 18:20:00)",0.0,31.053407669067383
1.0,"[2016-10-29 18:20:00,2016-10-29 18:40:00)",0.0,30.480253219604492
1.0,"[2016-10-29 18:40:00,2016-10-29 19:00:00)",0.0,28.406761169433594
1.0,"[2016-10-29 17:00:00,2016-10-29 17:20:00)",1.0,99.45269775390625
1.0,"[2016-10-29 17:20:00,2016-10-29 17:40:00)",1.0,99.45269775390625
1.0,"[2016-10-29 17:40:00,2016-10-29 18:00:00)",1.0,100.51776885986328
1.0,"[2016-10-29 18:00:00,2016-10-29 18:20:00)",1.0,68.5826644897461
1.0,"[2016-10-29 18:20:00,2016-10-29 18:40:00)",1.0,68.5826644897461
1.0,"[2016-10-29 18:40:00,2016-10-29 19:00:00)",1.0,68.01126098632812
2.0,"[2016-10-29 17:00:00,2016-10-29 17:20:00)",0.0,71.91098022460938
2.0,"[2016-10-29 17:20:00,2016-10-29 17:40:00)",0.0,71.91098022460938
2.0,"[2016-10-29 17:40:00,2016-10-29 18:00:00)",0.0,71.75088500976562
2.0,"[2016-10-29 18:00:00,2016-10-29 18:20:00)",0.0,53.832523345947266
2.0,"[2016-10-29 18:20:00,2016-10-29 18:40:00)",0.0,52.67876052856445
2.0,"[2016-10-29 18:40:00,2016-10-29 19:00:00)",0.0,49.61542892456055
3.0,"[2016-10-29 17:00:00,2016-10-29 17:20:00)",0.0,111.0832290649414
3.0,"[2016-10-29 17:20:00,2016-10-29 17:40:00)",0.0,111.0832290649414
3.0,"[2016-10-29 17:40:00,2016-10-29 18:00:00)",0.0,110.92313385009766
3.0,"[2016-10-29 18:00:00,2016-10-29 18:20:00)",0.0,74.12105560302734
3.0,"[2016-10-29 18:20:00,2016-10-29 18:40:00)",0.0,72.55219268798828
3.0,"[2016-10-29 18:40:00,2016-10-29 19:00:00)",0.0,69.48887634277344
3.0,"[2016-10-29 17:00:00,2016-10-29 17:20:00)",1.0,96.26660919189453
3.0,"[2016-10-29 17:20:00,2016-10-29 17:40:00)",1.0,96.26660919189453
3.0,"[2016-10-29 17:40:00,2016-10-29 18:00:00)",1.0,97.33168029785156
3.0,"[2016-10-29 18:00:00,2016-10-29 18:20:00)",1.0,73.88611602783203
3.0,"[2016-10-29 18:20:00,2016-10-29 18:40:00)",1.0,73.30550384521484
3.0,"[2016-10-29 18:40:00,2016-10-29 19:00:00)",1.0,71.74425506591797
1.0,"[2016-10-30 08:00:00,2016-10-30 08:20:00)",0.0,54.99091339111328
1.0,"[2016-10-30 08:20:00,2016-10-30 08:40:00)",0.0,54.99091339111328
1.0,"[2016-10-30 08:40:00,2016-10-30 09:00:00)",0.0,54.2991943359375
1.0,"[2016-10-30 09:00:00,2016-10-30 09:20:00)",0.0,54.39305877685547
1.0,"[2016-10-30 09:20:00,2016-10-30 09:40:00)",0.0,54.39305877685547
1.0,"[2016-10-30 09:40:00,2016-10-30 10:00:00)",0.0,53.70133972167969
1.0,"[2016-10-30 08:00:00,2016-10-30 08:20:00)",1.0,102.08917999267578
1.0,"[2016-10-30 08:20:00,2016-10-30 08:40:00)",1.0,102.08917999267578
1.0,"[2016-10-30 08:40:00,2016-10-30 09:00:00)",1.0,101.39746856689453
1.0,"[2016-10-30 09:00:00,2016-10-30 09:20:00)",1.0,101.49131774902344
1.0,"[2016-10-30 09:20:00,2016-10-30 09:40:00)",1.0,101.49131774902344
1.0,"[2016-10-30 09:40:00,2016-10-30 10:00:00)",1.0,100.79960632324219
2.0,"[2016-10-30 08:00:00,2016-10-30 08:20:00)",0.0,88.0126953125
2.0,"[2016-10-30 08:20:00,2016-10-30 08:40:00)",0.0,88.0126953125
2.0,"[2016-10-30 08:40:00,2016-10-30 09:00:00)",0.0,87.32098388671875
2.0,"[2016-10-30 09:00:00,2016-10-30 09:20:00)",0.0,86.06298065185547
2.0,"[2016-10-30 09:20:00,2016-10-30 09:40:00)",0.0,86.06298065185547
2.0,"[2016-10-30 09:40:00,2016-10-30 10:00:00)",0.0,85.37126922607422
3.0,"[2016-10-30 08:00:00,2016-10-30 08:20:00)",0.0,131.97967529296875
3.0,"[2016-10-30 08:20:00,2016-10-30 08:40:00)",0.0,131.97967529296875
3.0,"[2016-10-30 08:40:00,2016-10-30 09:00:00)",0.0,131.2879638671875
3.0,"[2016-10-30 09:00:00,2016-10-30 09:20:00)",0.0,130.15611267089844
3.0,"[2016-10-30 09:20:00,2016-10-30 09:40:00)",0.0,130.15611267089844
3.0,"[2016-10-30 09:40:00,2016-10-30 10:00:00)",0.0,129.4644012451172
3.0,"[2016-10-30 08:00:00,2016-10-30 08:20:00)",1.0,109.38627624511719
3.0,"[2016-10-30 08:20:00,2016-10-30 08:40:00)",1.0,109.38627624511719
3.0,"[2016-10-30 08:40:00,2016-10-30 09:00:00)",1.0,108.69456481933594
3.0,"[2016-10-30 09:00:00,2016-10-30 09:20:00)",1.0,107.43656158447266
3.0,"[2016-10-30 09:20:00,2016-10-30 09:40:00)",1.0,107.43656158447266
3.0,"[2016-10-30 09:40:00,2016-10-30 10:00:00)",1.0,106.7448501586914
1.0,"[2016-10-30 17:00:00,2016-10-30 17:20:00)",0.0,50.337493896484375
1.0,"[2016-10-30 17:20:00,2016-10-30 17:40:00)",0.0,50.337493896484375
1.0,"[2016-10-30 17:40:00,2016-10-30 18:00:00)",0.0,50.177391052246094
1.0,"[2016-10-30 18:00:00,2016-10-30 18:20:00)",0.0,33.20093536376953
1.0,"[2016-10-30 18:20:00,2016-10-30 18:40:00)",0.0,32.62778091430664
1.0,"[2016-10-30 18:40:00,2016-10-30 19:00:00)",0.0,30.554288864135742
1.0,"[2016-10-30 17:00:00,2016-10-30 17:20:00)",1.0,102.53981018066406
1.0,"[2016-10-30 17:20:00,2016-10-30 17:40:00)",1.0,102.53981018066406
1.0,"[2016-10-30 17:40:00,2016-10-30 18:00:00)",1.0,103.6048812866211
1.0,"[2016-10-30 18:00:00,2016-10-30 18:20:00)",1.0,70.7302017211914
1.0,"[2016-10-30 18:20:00,2016-10-30 18:40:00)",1.0,70.7302017211914
1.0,"[2016-10-30 18:40:00,2016-10-30 19:00:00)",1.0,70.1587905883789
2.0,"[2016-10-30 17:00:00,2016-10-30 17:20:00)",0.0,74.67387390136719
2.0,"[2016-10-30 17:20:00,2016-10-30 17:40:00)",0.0,74.67387390136719
2.0,"[2016-10-30 17:40:00,2016-10-30 18:00:00)",0.0,74.51377868652344
2.0,"[2016-10-30 18:00:00,2016-10-30 18:20:00)",0.0,56.148284912109375
2.0,"[2016-10-30 18:20:00,2016-10-30 18:40:00)",0.0,54.99452209472656
2.0,"[2016-10-30 18:40:00,2016-10-30 19:00:00)",0.0,51.93118667602539
3.0,"[2016-10-30 17:00:00,2016-10-30 17:20:00)",0.0,113.38668060302734
3.0,"[2016-10-30 17:20:00,2016-10-30 17:40:00)",0.0,113.38668060302734
3.0,"[2016-10-30 17:40:00,2016-10-30 18:00:00)",0.0,113.2265853881836
3.0,"[2016-10-30 18:00:00,2016-10-30 18:20:00)",0.0,77.37578582763672
3.0,"[2016-10-30 18:20:00,2016-10-30 18:40:00)",0.0,75.80692291259766
3.0,"[2016-10-30 18:40:00,2016-10-30 19:00:00)",0.0,72.74360656738281
3.0,"[2016-10-30 17:00:00,2016-10-30 17:20:00)",1.0,98.74089813232422
3.0,"[2016-10-30 17:20:00,2016-10-30 17:40:00)",1.0,98.74089813232422
3.0,"[2016-10-30 17:40:00,2016-10-30 18:00:00)",1.0,99.80596923828125
3.0,"[2016-10-30 18:00:00,2016-10-30 18:20:00)",1.0,77.75881958007812
3.0,"[2016-10-30 18:20:00,2016-10-30 18:40:00)",1.0,77.17820739746094
3.0,"[2016-10-30 18:40:00,2016-10-30 19:00:00)",1.0,75.6169662475586
1.0,"[2016-10-31 08:00:00,2016-10-31 08:20:00)",0.0,52.7455940246582
1.0,"[2016-10-31 08:20:00,2016-10-31 08:40:00)",0.0,52.7455940246582
1.0,"[2016-10-31 08:40:00,2016-10-31 09:00:00)",0.0,52.05387496948242
1.0,"[2016-10-31 09:00:00,2016-10-31 09:20:00)",0.0,51.190521240234375
1.0,"[2016-10-31 09:20:00,2016-10-31 09:40:00)",0.0,51.190521240234375
1.0,"[2016-10-31 09:40:00,2016-10-31 10:00:00)",0.0,50.498802185058594
1.0,"[2016-10-31 08:00:00,2016-10-31 08:20:00)",1.0,116.34329986572266
1.0,"[2016-10-31 08:20:00,2016-10-31 08:40:00)",1.0,116.34329986572266
1.0,"[2016-10-31 08:40:00,2016-10-31 09:00:00)",1.0,115.6515884399414
1.0,"[2016-10-31 09:00:00,2016-10-31 09:20:00)",1.0,114.78821563720703
1.0,"[2016-10-31 09:20:00,2016-10-31 09:40:00)",1.0,114.78821563720703
1.0,"[2016-10-31 09:40:00,2016-10-31 10:00:00)",1.0,114.09650421142578
2.0,"[2016-10-31 08:00:00,2016-10-31 08:20:00)",0.0,100.75362396240234
2.0,"[2016-10-31 08:20:00,2016-10-31 08:40:00)",0.0,100.75362396240234
2.0,"[2016-10-31 08:40:00,2016-10-31 09:00:00)",0.0,100.0619125366211
2.0,"[2016-10-31 09:00:00,2016-10-31 09:20:00)",0.0,89.09054565429688
2.0,"[2016-10-31 09:20:00,2016-10-31 09:40:00)",0.0,89.09054565429688
2.0,"[2016-10-31 09:40:00,2016-10-31 10:00:00)",0.0,88.39883422851562
3.0,"[2016-10-31 08:00:00,2016-10-31 08:20:00)",0.0,153.7602996826172
3.0,"[2016-10-31 08:20:00,2016-10-31 08:40:00)",0.0,153.7602996826172
3.0,"[2016-10-31 08:40:00,2016-10-31 09:00:00)",0.0,153.06858825683594
3.0,"[2016-10-31 09:00:00,2016-10-31 09:20:00)",0.0,139.39212036132812
3.0,"[2016-10-31 09:20:00,2016-10-31 09:40:00)",0.0,139.39212036132812
3.0,"[2016-10-31 09:40:00,2016-10-31 10:00:00)",0.0,138.70040893554688
3.0,"[2016-10-31 08:00:00,2016-10-31 08:20:00)",1.0,129.74005126953125
3.0,"[2016-10-31 08:20:00,2016-10-31 08:40:00)",1.0,129.74005126953125
3.0,"[2016-10-31 08:40:00,2016-10-31 09:00:00)",1.0,129.04835510253906
3.0,"[2016-10-31 09:00:00,2016-10-31 09:20:00)",1.0,118.07697296142578
3.0,"[2016-10-31 09:20:00,2016-10-31 09:40:00)",1.0,118.07697296142578
3.0,"[2016-10-31 09:40:00,2016-10-31 10:00:00)",1.0,117.38526153564453
1.0,"[2016-10-31 17:00:00,2016-10-31 17:20:00)",0.0,40.131614685058594
1.0,"[2016-10-31 17:20:00,2016-10-31 17:40:00)",0.0,40.131614685058594
1.0,"[2016-10-31 17:40:00,2016-10-31 18:00:00)",0.0,39.97151184082031
1.0,"[2016-10-31 18:00:00,2016-10-31 18:20:00)",0.0,26.539501190185547
1.0,"[2016-10-31 18:20:00,2016-10-31 18:40:00)",0.0,25.966346740722656
1.0,"[2016-10-31 18:40:00,2016-10-31 19:00:00)",0.0,25.04497528076172
1.0,"[2016-10-31 17:00:00,2016-10-31 17:20:00)",1.0,91.5624771118164
1.0,"[2016-10-31 17:20:00,2016-10-31 17:40:00)",1.0,91.5624771118164
1.0,"[2016-10-31 17:40:00,2016-10-31 18:00:00)",1.0,92.62754821777344
1.0,"[2016-10-31 18:00:00,2016-10-31 18:20:00)",1.0,62.919891357421875
1.0,"[2016-10-31 18:20:00,2016-10-31 18:40:00)",1.0,62.919891357421875
1.0,"[2016-10-31 18:40:00,2016-10-31 19:00:00)",1.0,63.22369384765625
2.0,"[2016-10-31 17:00:00,2016-10-31 17:20:00)",0.0,64.32333374023438
2.0,"[2016-10-31 17:20:00,2016-10-31 17:40:00)",0.0,64.32333374023438
2.0,"[2016-10-31 17:40:00,2016-10-31 18:00:00)",0.0,64.16323852539062
2.0,"[2016-10-31 18:00:00,2016-10-31 18:20:00)",0.0,49.133514404296875
2.0,"[2016-10-31 18:20:00,2016-10-31 18:40:00)",0.0,47.97975158691406
2.0,"[2016-10-31 18:40:00,2016-10-31 19:00:00)",0.0,46.06854248046875
3.0,"[2016-10-31 17:00:00,2016-10-31 17:20:00)",0.0,99.80924224853516
3.0,"[2016-10-31 17:20:00,2016-10-31 17:40:00)",0.0,99.80924224853516
3.0,"[2016-10-31 17:40:00,2016-10-31 18:00:00)",0.0,99.6491470336914
3.0,"[2016-10-31 18:00:00,2016-10-31 18:20:00)",0.0,68.23104095458984
3.0,"[2016-10-31 18:20:00,2016-10-31 18:40:00)",0.0,66.66217041015625
3.0,"[2016-10-31 18:40:00,2016-10-31 19:00:00)",0.0,64.7509765625
3.0,"[2016-10-31 17:00:00,2016-10-31 17:20:00)",1.0,87.54434967041016
3.0,"[2016-10-31 17:20:00,2016-10-31 17:40:00)",1.0,87.54434967041016
3.0,"[2016-10-31 17:40:00,2016-10-31 18:00:00)",1.0,88.60942077636719
3.0,"[2016-10-31 18:00:00,2016-10-31 18:20:00)",1.0,66.73546600341797
3.0,"[2016-10-31 18:20:00,2016-10-31 18:40:00)",1.0,66.15486145019531
3.0,"[2016-10-31 18:40:00,2016-10-31 19:00:00)",1.0,65.46882629394531
